Workbook

Sheet MASTER
B1: 2026 TEST Campaign Execution Summary | K1: 현재 모두 dummy날짜입니다 | M1: 12 | N1: =M1+1 -> 13 | O1: =N1+1 -> 14 | P1: =O1+1 -> 15 | Q1: =P1+1 -> 16 | R1: =Q1+1 -> 17 | S1: =R1+1 -> 18 | T1: =S1+1 -> 19 | U1: =T1+1 -> 20
G2: 최소/최대날짜: | H2: =TEXT(MIN(H5:H201),"yyyy-mm-dd") -> 2026-01-09 | I2: =TEXT(MAX(I5:I201),"yyyy-mm-dd") -> 2026-10-18 | K2: =TEXT(MIN(K5:K201),"yyyy-mm-dd") -> 2025-03-04 | L2: =TEXT(MAX(L5:L201),"yyyy-mm-dd") -> 2025-10-18 | N2: 함수로 RAW_URL,PageName에서 호출 | W2: Sort by tier | AB2: 최소/최대날짜: | AC2: =TEXT(MIN(AC5:AC201),"yyyy-mm-dd") -> 2026-01-09 | AD2: =TEXT(MAX(AD5:AD201),"yyyy-mm-dd") -> 2026-10-18 | AE2: 컷은 api용csv시트에서 설정합니다.
D3: {="고객법인일정파일 대비 없는 법인: "&IFERROR(_xlfn.TEXTJOIN(", ",1,_xlfn._xlws.FILTER(고객법인일정파일!C4:C200,고객법인일정파일!U4:U200="사용 안됨")),"없음")} -> 고객법인일정파일 대비 없는 법인: TotUl, TotUl, TotUl, TotUl, TotUl, TotUl, TotUl, XADWU (UfricU_ADN), XADWU (UfricU_FR), XADADU, TotUl, TotUl, TotUl, 한총 | H3: This Year | I3: This Year | J3: O표시하면 제외시킵니다. | K3: Last Year | L3: Last Year | N3: This Year | O3: This Year | P3: This Year | Q3: Last Year | R3: Last Year | S3: Last Year | AC3: This Year | AD3: This Year | AE3: This Year
B4: Tier | C4: Region | D4: Subs | E4: COUNTRY | F4: RS | G4: Site Code | H4: Start Date | I4: End Date | J4: api수기제외 | K4: Start Date | L4: End Date | M4: 고객Note | N4: URL | O4: Page Name | P4: Note | Q4: URL | R4: Page Name | S4: Note | U4: Region_#(Appendix정렬용) | W4: Tier | X4: RHQ | Y4: Subs | Z4: COUNTRY | AA4: RS | AB4: site_code | AC4: start_date | AD4: end_date | AE4: end_date(컷)
B5: =IF($G5="","",IFERROR(VLOOKUP($G5,RAW_tier!$B$2:$C$200,2,0),2)) -> 2 | C5: =IF(ISBLANK(태깅기획site_code!F4),"",태깅기획site_code!C4) -> MENA | D5: =IF(ISBLANK(태깅기획site_code!F4),"",IF(고객법인일정파일!P4="한총","SEC",IF(LEN(TRIM(고객법인일정파일!P4))=0,태깅기획site_code!D4,고객법인일정파일!P4))) -> XGAD | E5: =IF(ISBLANK(태깅기획site_code!F4),"",태깅기획site_code!E4) -> UAE | F5: =IF(ISBLANK(태깅기획site_code!F4),"",태깅기획site_code!J4) -> UAE | G5: =IF(ISBLANK(태깅기획site_code!B4),"",태깅기획site_code!F4) -> ae | H5: =IF(ISBLANK(태깅기획site_code!F4),"",IF(고객법인일정파일!Q4="X","X",고객법인일정파일!R4)) -> TBC | I5: =IF(ISBLANK(태깅기획site_code!F4),"",IF(고객법인일정파일!Q4="X","",고객법인일정파일!S4)) -> TBC | K5: =IFERROR(H5-365,"TBD") -> TBD | L5: =IFERROR(I5-365,"TBD") -> TBD | M5: =IF($D5="","",VLOOKUP($D5,고객법인일정파일!$C$5:$J$200,8,0))&"" -> Note1-test XADBN-NL | N5: {=_xlfn.TEXTJOIN(CHAR(10), 1, _xlfn._xlws.FILTER('RAW_URL,PageName'!D$2:D$999, ('RAW_URL,PageName'!$C$2:$C$999=$G5)*('RAW_URL,PageName'!$B$2:$B$999="TY"), ""))} | O5: {=_xlfn.TEXTJOIN(CHAR(10), 1, _xlfn._xlws.FILTER('RAW_URL,PageName'!E$2:E$999, ('RAW_URL,PageName'!$C$2:$C$999=$G5)*('RAW_URL,PageName'!$B$2:$B$999="TY"), ""))} | P5: {=_xlfn.TEXTJOIN(CHAR(10), 1, _xlfn._xlws.FILTER('RAW_URL,PageName'!F$2:F$999, ('RAW_URL,PageName'!$C$2:$C$999=$G5)*('RAW_URL,PageName'!$B$2:$B$999="TY"), ""))} | Q5: {=_xlfn.TEXTJOIN(CHAR(10), 1, _xlfn._xlws.FILTER('RAW_URL,PageName'!D$2:D$999, ('RAW_URL,PageName'!$C$2:$C$999=$G5)*('RAW_URL,PageName'!$B$2:$B$999="LY"), ""))} | R5: {=_xlfn.TEXTJOIN(CHAR(10), 1, _xlfn._xlws.FILTER('RAW_URL,PageName'!E$2:E$999, ('RAW_URL,PageName'!$C$2:$C$999=$G5)*('RAW_URL,PageName'!$B$2:$B$999="LY"), ""))} | S5: {=_xlfn.TEXTJOIN(CHAR(10), 1, _xlfn._xlws.FILTER('RAW_URL,PageName'!F$2:F$999, ('RAW_URL,PageName'!$C$2:$C$999=$G5)*('RAW_URL,PageName'!$B$2:$B$999="LY"), ""))} | U5: =IFERROR(VLOOKUP($C5,태깅기획site_code!$N$4:$O$18,2,0),"") -> 6 | W5: {=_xlfn._xlws.SORT(_xlfn.UNIQUE(_xlfn._xlws.FILTER(B5:I201,(F5:F201<>"")*(H5:H201<>"")*(J5:J201<>"O"))),1,1)} -> 1 | X5: L.America | Y5: XADDU | Z5: Brazil | AA5: Brazil | AB5: br | AC5: 46042 | AD5: 46063 | AE5: =IF(AD5="","",IF(IF(AD5>api용!D$2,api용!D$2,AD5)<AC5,"",IF(AD5>api용!D$2,api용!D$2,AD5))) -> 46063
B6: =IF($G6="","",IFERROR(VLOOKUP($G6,RAW_tier!$B$2:$C$200,2,0),2)) -> 2 | C6: =IF(ISBLANK(태깅기획site_code!F5),"",태깅기획site_code!C5) -> MENA | D6: =IF(ISBLANK(태깅기획site_code!F5),"",IF(고객법인일정파일!P5="한총","SEC",IF(LEN(TRIM(고객법인일정파일!P5))=0,태깅기획site_code!D5,고객법인일정파일!P5))) -> XGAD | E6: =IF(ISBLANK(태깅기획site_code!F5),"",태깅기획site_code!E5) -> UAE | F6: =IF(ISBLANK(태깅기획site_code!F5),"",태깅기획site_code!J5) -> UAE (ar) | G6: =IF(ISBLANK(태깅기획site_code!B5),"",태깅기획site_code!F5) -> ae_ar | H6: =IF(ISBLANK(태깅기획site_code!F5),"",IF(고객법인일정파일!Q5="X","X",고객법인일정파일!R5)) -> TBC | I6: =IF(ISBLANK(태깅기획site_code!F5),"",IF(고객법인일정파일!Q5="X","",고객법인일정파일!S5)) -> TBC | K6: TBD | L6: TBD | M6: =IF(D6="","",VLOOKUP(D6,고객법인일정파일!$C$5:$J$200,8,0))&"" -> Note1-test XADBN-NL | N6: {=_xlfn.TEXTJOIN(CHAR(10), 1, _xlfn._xlws.FILTER('RAW_URL,PageName'!D$2:D$999, ('RAW_URL,PageName'!$C$2:$C$999=$G6)*('RAW_URL,PageName'!$B$2:$B$999="TY"), ""))} | O6: {=_xlfn.TEXTJOIN(CHAR(10), 1, _xlfn._xlws.FILTER('RAW_URL,PageName'!E$2:E$999, ('RAW_URL,PageName'!$C$2:$C$999=$G6)*('RAW_URL,PageName'!$B$2:$B$999="TY"), ""))} | P6: {=_xlfn.TEXTJOIN(CHAR(10), 1, _xlfn._xlws.FILTER('RAW_URL,PageName'!F$2:F$999, ('RAW_URL,PageName'!$C$2:$C$999=$G6)*('RAW_URL,PageName'!$B$2:$B$999="TY"), ""))} | Q6: {=_xlfn.TEXTJOIN(CHAR(10), 1, _xlfn._xlws.FILTER('RAW_URL,PageName'!D$2:D$999, ('RAW_URL,PageName'!$C$2:$C$999=$G6)*('RAW_URL,PageName'!$B$2:$B$999="LY"), ""))} | R6: {=_xlfn.TEXTJOIN(CHAR(10), 1, _xlfn._xlws.FILTER('RAW_URL,PageName'!E$2:E$999, ('RAW_URL,PageName'!$C$2:$C$999=$G6)*('RAW_URL,PageName'!$B$2:$B$999="LY"), ""))} | S6: {=_xlfn.TEXTJOIN(CHAR(10), 1, _xlfn._xlws.FILTER('RAW_URL,PageName'!F$2:F$999, ('RAW_URL,PageName'!$C$2:$C$999=$G6)*('RAW_URL,PageName'!$B$2:$B$999="LY"), ""))} | U6: =IFERROR(VLOOKUP($C6,태깅기획site_code!$N$4:$O$18,2,0),"") -> 6 | W6: 1 | X6: China | Y6: XCIC | Z6: China | AA6: China | AB6: cn | AC6: 46054 | AD6: 46063 | AE6: =IF(AD6="","",IF(IF(AD6>api용!D$2,api용!D$2,AD6)<AC6,"",IF(AD6>api용!D$2,api용!D$2,AD6))) -> 46063
B7: =IF($G7="","",IFERROR(VLOOKUP($G7,RAW_tier!$B$2:$C$200,2,0),2)) -> 2 | C7: =IF(ISBLANK(태깅기획site_code!F6),"",태깅기획site_code!C6) -> Africa | D7: =IF(ISBLANK(태깅기획site_code!F6),"",IF(고객법인일정파일!P6="한총","SEC",IF(LEN(TRIM(고객법인일정파일!P6))=0,태깅기획site_code!D6,고객법인일정파일!P6))) -> XADWU | E7: =IF(ISBLANK(태깅기획site_code!F6),"",태깅기획site_code!E6) -> Africa Pan | F7: =IF(ISBLANK(태깅기획site_code!F6),"",태깅기획site_code!J6) -> AFRICA (en) | G7: =IF(ISBLANK(태깅기획site_code!B6),"",태깅기획site_code!F6) -> africa_en | H7: =IF(ISBLANK(태깅기획site_code!F6),"",IF(고객법인일정파일!Q6="X","X",고객법인일정파일!R6)) | I7: =IF(ISBLANK(태깅기획site_code!F6),"",IF(고객법인일정파일!Q6="X","",고객법인일정파일!S6)) | K7: 45767 | L7: 45790 | M7: =IF(D7="","",VLOOKUP(D7,고객법인일정파일!$C$5:$J$200,8,0))&"" -> #N/A | N7: {=_xlfn.TEXTJOIN(CHAR(10), 1, _xlfn._xlws.FILTER('RAW_URL,PageName'!D$2:D$999, ('RAW_URL,PageName'!$C$2:$C$999=$G7)*('RAW_URL,PageName'!$B$2:$B$999="TY"), ""))} | O7: {=_xlfn.TEXTJOIN(CHAR(10), 1, _xlfn._xlws.FILTER('RAW_URL,PageName'!E$2:E$999, ('RAW_URL,PageName'!$C$2:$C$999=$G7)*('RAW_URL,PageName'!$B$2:$B$999="TY"), ""))} | P7: {=_xlfn.TEXTJOIN(CHAR(10), 1, _xlfn._xlws.FILTER('RAW_URL,PageName'!F$2:F$999, ('RAW_URL,PageName'!$C$2:$C$999=$G7)*('RAW_URL,PageName'!$B$2:$B$999="TY"), ""))} | Q7: {=_xlfn.TEXTJOIN(CHAR(10), 1, _xlfn._xlws.FILTER('RAW_URL,PageName'!D$2:D$999, ('RAW_URL,PageName'!$C$2:$C$999=$G7)*('RAW_URL,PageName'!$B$2:$B$999="LY"), ""))} | R7: {=_xlfn.TEXTJOIN(CHAR(10), 1, _xlfn._xlws.FILTER('RAW_URL,PageName'!E$2:E$999, ('RAW_URL,PageName'!$C$2:$C$999=$G7)*('RAW_URL,PageName'!$B$2:$B$999="LY"), ""))} | S7: {=_xlfn.TEXTJOIN(CHAR(10), 1, _xlfn._xlws.FILTER('RAW_URL,PageName'!F$2:F$999, ('RAW_URL,PageName'!$C$2:$C$999=$G7)*('RAW_URL,PageName'!$B$2:$B$999="LY"), ""))} | U7: =IFERROR(VLOOKUP($C7,태깅기획site_code!$N$4:$O$18,2,0),"") -> 8 | W7: 1 | X7: EU | Y7: XADF | Z7: France | AA7: France | AB7: fr | AC7: 46071 | AD7: 46081 | AE7: =IF(AD7="","",IF(IF(AD7>api용!D$2,api용!D$2,AD7)<AC7,"",IF(AD7>api용!D$2,api용!D$2,AD7))) -> 46081
B8: =IF($G8="","",IFERROR(VLOOKUP($G8,RAW_tier!$B$2:$C$200,2,0),2)) -> 2 | C8: =IF(ISBLANK(태깅기획site_code!F7),"",태깅기획site_code!C7) -> Africa | D8: =IF(ISBLANK(태깅기획site_code!F7),"",IF(고객법인일정파일!P7="한총","SEC",IF(LEN(TRIM(고객법인일정파일!P7))=0,태깅기획site_code!D7,고객법인일정파일!P7))) -> XADWU | E8: =IF(ISBLANK(태깅기획site_code!F7),"",태깅기획site_code!E7) -> Africa Pan | F8: =IF(ISBLANK(태깅기획site_code!F7),"",태깅기획site_code!J7) -> AFRICA (fr) | G8: =IF(ISBLANK(태깅기획site_code!B7),"",태깅기획site_code!F7) -> africa_fr | H8: =IF(ISBLANK(태깅기획site_code!F7),"",IF(고객법인일정파일!Q7="X","X",고객법인일정파일!R7)) | I8: =IF(ISBLANK(태깅기획site_code!F7),"",IF(고객법인일정파일!Q7="X","",고객법인일정파일!S7)) | K8: 45767 | L8: 45787 | M8: =IF(D8="","",VLOOKUP(D8,고객법인일정파일!$C$5:$J$200,8,0))&"" -> #N/A | N8: {=_xlfn.TEXTJOIN(CHAR(10), 1, _xlfn._xlws.FILTER('RAW_URL,PageName'!D$2:D$999, ('RAW_URL,PageName'!$C$2:$C$999=$G8)*('RAW_URL,PageName'!$B$2:$B$999="TY"), ""))} | O8: {=_xlfn.TEXTJOIN(CHAR(10), 1, _xlfn._xlws.FILTER('RAW_URL,PageName'!E$2:E$999, ('RAW_URL,PageName'!$C$2:$C$999=$G8)*('RAW_URL,PageName'!$B$2:$B$999="TY"), ""))} | P8: {=_xlfn.TEXTJOIN(CHAR(10), 1, _xlfn._xlws.FILTER('RAW_URL,PageName'!F$2:F$999, ('RAW_URL,PageName'!$C$2:$C$999=$G8)*('RAW_URL,PageName'!$B$2:$B$999="TY"), ""))} | Q8: {=_xlfn.TEXTJOIN(CHAR(10), 1, _xlfn._xlws.FILTER('RAW_URL,PageName'!D$2:D$999, ('RAW_URL,PageName'!$C$2:$C$999=$G8)*('RAW_URL,PageName'!$B$2:$B$999="LY"), ""))} | R8: {=_xlfn.TEXTJOIN(CHAR(10), 1, _xlfn._xlws.FILTER('RAW_URL,PageName'!E$2:E$999, ('RAW_URL,PageName'!$C$2:$C$999=$G8)*('RAW_URL,PageName'!$B$2:$B$999="LY"), ""))} | S8: {=_xlfn.TEXTJOIN(CHAR(10), 1, _xlfn._xlws.FILTER('RAW_URL,PageName'!F$2:F$999, ('RAW_URL,PageName'!$C$2:$C$999=$G8)*('RAW_URL,PageName'!$B$2:$B$999="LY"), ""))} | U8: =IFERROR(VLOOKUP($C8,태깅기획site_code!$N$4:$O$18,2,0),"") -> 8 | W8: 1 | X8: Japan | Y8: XADJ | Z8: Japan | AA8: Japan | AB8: jp | AC8: X | AE8: =IF(AD8="","",IF(IF(AD8>api용!D$2,api용!D$2,AD8)<AC8,"",IF(AD8>api용!D$2,api용!D$2,AD8)))
B9: =IF($G9="","",IFERROR(VLOOKUP($G9,RAW_tier!$B$2:$C$200,2,0),2)) -> 2 | C9: =IF(ISBLANK(태깅기획site_code!F8),"",태깅기획site_code!C8) -> Africa | D9: =IF(ISBLANK(태깅기획site_code!F8),"",IF(고객법인일정파일!P8="한총","SEC",IF(LEN(TRIM(고객법인일정파일!P8))=0,태깅기획site_code!D8,고객법인일정파일!P8))) -> XADWU | E9: =IF(ISBLANK(태깅기획site_code!F8),"",태깅기획site_code!E8) -> Africa Pan | F9: =IF(ISBLANK(태깅기획site_code!F8),"",태깅기획site_code!J8) -> AFRICA (pt) | G9: =IF(ISBLANK(태깅기획site_code!B8),"",태깅기획site_code!F8) -> africa_pt | H9: =IF(ISBLANK(태깅기획site_code!F8),"",IF(고객법인일정파일!Q8="X","X",고객법인일정파일!R8)) | I9: =IF(ISBLANK(태깅기획site_code!F8),"",IF(고객법인일정파일!Q8="X","",고객법인일정파일!S8)) | K9: TBD | L9: TBD | M9: =IF(D9="","",VLOOKUP(D9,고객법인일정파일!$C$5:$J$200,8,0))&"" -> #N/A | N9: {=_xlfn.TEXTJOIN(CHAR(10), 1, _xlfn._xlws.FILTER('RAW_URL,PageName'!D$2:D$999, ('RAW_URL,PageName'!$C$2:$C$999=$G9)*('RAW_URL,PageName'!$B$2:$B$999="TY"), ""))} | O9: {=_xlfn.TEXTJOIN(CHAR(10), 1, _xlfn._xlws.FILTER('RAW_URL,PageName'!E$2:E$999, ('RAW_URL,PageName'!$C$2:$C$999=$G9)*('RAW_URL,PageName'!$B$2:$B$999="TY"), ""))} | P9: {=_xlfn.TEXTJOIN(CHAR(10), 1, _xlfn._xlws.FILTER('RAW_URL,PageName'!F$2:F$999, ('RAW_URL,PageName'!$C$2:$C$999=$G9)*('RAW_URL,PageName'!$B$2:$B$999="TY"), ""))} | Q9: {=_xlfn.TEXTJOIN(CHAR(10), 1, _xlfn._xlws.FILTER('RAW_URL,PageName'!D$2:D$999, ('RAW_URL,PageName'!$C$2:$C$999=$G9)*('RAW_URL,PageName'!$B$2:$B$999="LY"), ""))} | R9: {=_xlfn.TEXTJOIN(CHAR(10), 1, _xlfn._xlws.FILTER('RAW_URL,PageName'!E$2:E$999, ('RAW_URL,PageName'!$C$2:$C$999=$G9)*('RAW_URL,PageName'!$B$2:$B$999="LY"), ""))} | S9: {=_xlfn.TEXTJOIN(CHAR(10), 1, _xlfn._xlws.FILTER('RAW_URL,PageName'!F$2:F$999, ('RAW_URL,PageName'!$C$2:$C$999=$G9)*('RAW_URL,PageName'!$B$2:$B$999="LY"), ""))} | U9: =IFERROR(VLOOKUP($C9,태깅기획site_code!$N$4:$O$18,2,0),"") -> 8 | W9: 1 | X9: L.America | Y9: XADM | Z9: Mexico | AA9: Mexico | AB9: mx | AC9: 46042 | AD9: 46063 | AE9: =IF(AD9="","",IF(IF(AD9>api용!D$2,api용!D$2,AD9)<AC9,"",IF(AD9>api용!D$2,api용!D$2,AD9))) -> 46063
B10: =IF($G10="","",IFERROR(VLOOKUP($G10,RAW_tier!$B$2:$C$200,2,0),2)) -> 2 | C10: =IF(ISBLANK(태깅기획site_code!F9),"",태깅기획site_code!C9) -> EU | D10: =IF(ISBLANK(태깅기획site_code!F9),"",IF(고객법인일정파일!P9="한총","SEC",IF(LEN(TRIM(고객법인일정파일!P9))=0,태깅기획site_code!D9,고객법인일정파일!P9))) -> XADUD | E10: =IF(ISBLANK(태깅기획site_code!F9),"",태깅기획site_code!E9) -> Albania | F10: =IF(ISBLANK(태깅기획site_code!F9),"",태깅기획site_code!J9) -> Albania | G10: =IF(ISBLANK(태깅기획site_code!B9),"",태깅기획site_code!F9) -> al | H10: =IF(ISBLANK(태깅기획site_code!F9),"",IF(고객법인일정파일!Q9="X","X",고객법인일정파일!R9)) -> X | I10: =IF(ISBLANK(태깅기획site_code!F9),"",IF(고객법인일정파일!Q9="X","",고객법인일정파일!S9)) | K10: TBD | L10: TBD | M10: =IF(D10="","",VLOOKUP(D10,고객법인일정파일!$C$5:$J$200,8,0))&"" -> Note1-test XADUX-UT | N10: {=_xlfn.TEXTJOIN(CHAR(10), 1, _xlfn._xlws.FILTER('RAW_URL,PageName'!D$2:D$999, ('RAW_URL,PageName'!$C$2:$C$999=$G10)*('RAW_URL,PageName'!$B$2:$B$999="TY"), ""))} | O10: {=_xlfn.TEXTJOIN(CHAR(10), 1, _xlfn._xlws.FILTER('RAW_URL,PageName'!E$2:E$999, ('RAW_URL,PageName'!$C$2:$C$999=$G10)*('RAW_URL,PageName'!$B$2:$B$999="TY"), ""))} | P10: {=_xlfn.TEXTJOIN(CHAR(10), 1, _xlfn._xlws.FILTER('RAW_URL,PageName'!F$2:F$999, ('RAW_URL,PageName'!$C$2:$C$999=$G10)*('RAW_URL,PageName'!$B$2:$B$999="TY"), ""))} | Q10: {=_xlfn.TEXTJOIN(CHAR(10), 1, _xlfn._xlws.FILTER('RAW_URL,PageName'!D$2:D$999, ('RAW_URL,PageName'!$C$2:$C$999=$G10)*('RAW_URL,PageName'!$B$2:$B$999="LY"), ""))} | R10: {=_xlfn.TEXTJOIN(CHAR(10), 1, _xlfn._xlws.FILTER('RAW_URL,PageName'!E$2:E$999, ('RAW_URL,PageName'!$C$2:$C$999=$G10)*('RAW_URL,PageName'!$B$2:$B$999="LY"), ""))} | S10: {=_xlfn.TEXTJOIN(CHAR(10), 1, _xlfn._xlws.FILTER('RAW_URL,PageName'!F$2:F$999, ('RAW_URL,PageName'!$C$2:$C$999=$G10)*('RAW_URL,PageName'!$B$2:$B$999="LY"), ""))} | U10: =IFERROR(VLOOKUP($C10,태깅기획site_code!$N$4:$O$18,2,0),"") -> 2 | W10: 1 | X10: MENA | Y10: XADTK | Z10: Turkey | AA10: Turkey | AB10: tr | AC10: 46054 | AD10: 46063 | AE10: =IF(AD10="","",IF(IF(AD10>api용!D$2,api용!D$2,AD10)<AC10,"",IF(AD10>api용!D$2,api용!D$2,AD10))) -> 46063
B11: =IF($G11="","",IFERROR(VLOOKUP($G11,RAW_tier!$B$2:$C$200,2,0),2)) -> 2 | C11: =IF(ISBLANK(태깅기획site_code!F10),"",태깅기획site_code!C10) -> L.America | D11: =IF(ISBLANK(태깅기획site_code!F10),"",IF(고객법인일정파일!P10="한총","SEC",IF(LEN(TRIM(고객법인일정파일!P10))=0,태깅기획site_code!D10,고객법인일정파일!P10))) -> XADUXU | E11: =IF(ISBLANK(태깅기획site_code!F10),"",태깅기획site_code!E10) -> Argentina | F11: =IF(ISBLANK(태깅기획site_code!F10),"",태깅기획site_code!J10) -> Argentina | G11: =IF(ISBLANK(태깅기획site_code!B10),"",태깅기획site_code!F10) -> ar | H11: =IF(ISBLANK(태깅기획site_code!F10),"",IF(고객법인일정파일!Q10="X","X",고객법인일정파일!R10)) -> 46297 | I11: =IF(ISBLANK(태깅기획site_code!F10),"",IF(고객법인일정파일!Q10="X","",고객법인일정파일!S10)) -> 46313 | K11: 45935 | L11: 45948 | M11: =IF(D11="","",VLOOKUP(D11,고객법인일정파일!$C$5:$J$200,8,0))&"" -> Note1-test XMAD | N11: {=_xlfn.TEXTJOIN(CHAR(10), 1, _xlfn._xlws.FILTER('RAW_URL,PageName'!D$2:D$999, ('RAW_URL,PageName'!$C$2:$C$999=$G11)*('RAW_URL,PageName'!$B$2:$B$999="TY"), ""))} | O11: {=_xlfn.TEXTJOIN(CHAR(10), 1, _xlfn._xlws.FILTER('RAW_URL,PageName'!E$2:E$999, ('RAW_URL,PageName'!$C$2:$C$999=$G11)*('RAW_URL,PageName'!$B$2:$B$999="TY"), ""))} | P11: {=_xlfn.TEXTJOIN(CHAR(10), 1, _xlfn._xlws.FILTER('RAW_URL,PageName'!F$2:F$999, ('RAW_URL,PageName'!$C$2:$C$999=$G11)*('RAW_URL,PageName'!$B$2:$B$999="TY"), ""))} | Q11: {=_xlfn.TEXTJOIN(CHAR(10), 1, _xlfn._xlws.FILTER('RAW_URL,PageName'!D$2:D$999, ('RAW_URL,PageName'!$C$2:$C$999=$G11)*('RAW_URL,PageName'!$B$2:$B$999="LY"), ""))} | R11: {=_xlfn.TEXTJOIN(CHAR(10), 1, _xlfn._xlws.FILTER('RAW_URL,PageName'!E$2:E$999, ('RAW_URL,PageName'!$C$2:$C$999=$G11)*('RAW_URL,PageName'!$B$2:$B$999="LY"), ""))} | S11: {=_xlfn.TEXTJOIN(CHAR(10), 1, _xlfn._xlws.FILTER('RAW_URL,PageName'!F$2:F$999, ('RAW_URL,PageName'!$C$2:$C$999=$G11)*('RAW_URL,PageName'!$B$2:$B$999="LY"), ""))} | U11: =IFERROR(VLOOKUP($C11,태깅기획site_code!$N$4:$O$18,2,0),"") -> 3 | W11: 1 | X11: EU | Y11: XADUK | Z11: UK | AA11: UK | AB11: uk | AC11: X | AE11: =IF(AD11="","",IF(IF(AD11>api용!D$2,api용!D$2,AD11)<AC11,"",IF(AD11>api용!D$2,api용!D$2,AD11)))
B12: =IF($G12="","",IFERROR(VLOOKUP($G12,RAW_tier!$B$2:$C$200,2,0),2)) -> 2 | C12: =IF(ISBLANK(태깅기획site_code!F11),"",태깅기획site_code!C11) -> EU | D12: =IF(ISBLANK(태깅기획site_code!F11),"",IF(고객법인일정파일!P11="한총","SEC",IF(LEN(TRIM(고객법인일정파일!P11))=0,태깅기획site_code!D11,고객법인일정파일!P11))) -> XADUX-UT | E12: =IF(ISBLANK(태깅기획site_code!F11),"",태깅기획site_code!E11) -> Austria | F12: =IF(ISBLANK(태깅기획site_code!F11),"",태깅기획site_code!J11) -> Austria | G12: =IF(ISBLANK(태깅기획site_code!B11),"",태깅기획site_code!F11) -> at | H12: =IF(ISBLANK(태깅기획site_code!F11),"",IF(고객법인일정파일!Q11="X","X",고객법인일정파일!R11)) -> 46042 | I12: =IF(ISBLANK(태깅기획site_code!F11),"",IF(고객법인일정파일!Q11="X","",고객법인일정파일!S11)) -> 46064 | K12: 45767 | L12: 45788 | M12: =IF(D12="","",VLOOKUP(D12,고객법인일정파일!$C$5:$J$200,8,0))&"" -> Note1-test XADUX-UT | N12: {=_xlfn.TEXTJOIN(CHAR(10), 1, _xlfn._xlws.FILTER('RAW_URL,PageName'!D$2:D$999, ('RAW_URL,PageName'!$C$2:$C$999=$G12)*('RAW_URL,PageName'!$B$2:$B$999="TY"), ""))} | O12: {=_xlfn.TEXTJOIN(CHAR(10), 1, _xlfn._xlws.FILTER('RAW_URL,PageName'!E$2:E$999, ('RAW_URL,PageName'!$C$2:$C$999=$G12)*('RAW_URL,PageName'!$B$2:$B$999="TY"), ""))} | P12: {=_xlfn.TEXTJOIN(CHAR(10), 1, _xlfn._xlws.FILTER('RAW_URL,PageName'!F$2:F$999, ('RAW_URL,PageName'!$C$2:$C$999=$G12)*('RAW_URL,PageName'!$B$2:$B$999="TY"), ""))} | Q12: {=_xlfn.TEXTJOIN(CHAR(10), 1, _xlfn._xlws.FILTER('RAW_URL,PageName'!D$2:D$999, ('RAW_URL,PageName'!$C$2:$C$999=$G12)*('RAW_URL,PageName'!$B$2:$B$999="LY"), ""))} | R12: {=_xlfn.TEXTJOIN(CHAR(10), 1, _xlfn._xlws.FILTER('RAW_URL,PageName'!E$2:E$999, ('RAW_URL,PageName'!$C$2:$C$999=$G12)*('RAW_URL,PageName'!$B$2:$B$999="LY"), ""))} | S12: {=_xlfn.TEXTJOIN(CHAR(10), 1, _xlfn._xlws.FILTER('RAW_URL,PageName'!F$2:F$999, ('RAW_URL,PageName'!$C$2:$C$999=$G12)*('RAW_URL,PageName'!$B$2:$B$999="LY"), ""))} | U12: =IFERROR(VLOOKUP($C12,태깅기획site_code!$N$4:$O$18,2,0),"") -> 2 | W12: 1 | X12: N.America | Y12: XADU | Z12: USA | AA12: US NEW | AB12: us | AC12: 46042 | AD12: 46063 | AE12: =IF(AD12="","",IF(IF(AD12>api용!D$2,api용!D$2,AD12)<AC12,"",IF(AD12>api용!D$2,api용!D$2,AD12))) -> 46063
B13: =IF($G13="","",IFERROR(VLOOKUP($G13,RAW_tier!$B$2:$C$200,2,0),2)) -> 2 | C13: =IF(ISBLANK(태깅기획site_code!F12),"",태깅기획site_code!C12) -> S.E.Asia | D13: =IF(ISBLANK(태깅기획site_code!F12),"",IF(고객법인일정파일!P12="한총","SEC",IF(LEN(TRIM(고객법인일정파일!P12))=0,태깅기획site_code!D12,고객법인일정파일!P12))) -> XADUU | E13: =IF(ISBLANK(태깅기획site_code!F12),"",태깅기획site_code!E12) -> Australia | F13: =IF(ISBLANK(태깅기획site_code!F12),"",태깅기획site_code!J12) -> Australia | G13: =IF(ISBLANK(태깅기획site_code!B12),"",태깅기획site_code!F12) -> au | H13: =IF(ISBLANK(태깅기획site_code!F12),"",IF(고객법인일정파일!Q12="X","X",고객법인일정파일!R12)) -> 46046 | I13: =IF(ISBLANK(태깅기획site_code!F12),"",IF(고객법인일정파일!Q12="X","",고객법인일정파일!S12)) -> 46067 | K13: 45770 | L13: 45790 | M13: =IF(D13="","",VLOOKUP(D13,고객법인일정파일!$C$5:$J$200,8,0))&"" | N13: {=_xlfn.TEXTJOIN(CHAR(10), 1, _xlfn._xlws.FILTER('RAW_URL,PageName'!D$2:D$999, ('RAW_URL,PageName'!$C$2:$C$999=$G13)*('RAW_URL,PageName'!$B$2:$B$999="TY"), ""))} | O13: {=_xlfn.TEXTJOIN(CHAR(10), 1, _xlfn._xlws.FILTER('RAW_URL,PageName'!E$2:E$999, ('RAW_URL,PageName'!$C$2:$C$999=$G13)*('RAW_URL,PageName'!$B$2:$B$999="TY"), ""))} | P13: {=_xlfn.TEXTJOIN(CHAR(10), 1, _xlfn._xlws.FILTER('RAW_URL,PageName'!F$2:F$999, ('RAW_URL,PageName'!$C$2:$C$999=$G13)*('RAW_URL,PageName'!$B$2:$B$999="TY"), ""))} | Q13: {=_xlfn.TEXTJOIN(CHAR(10), 1, _xlfn._xlws.FILTER('RAW_URL,PageName'!D$2:D$999, ('RAW_URL,PageName'!$C$2:$C$999=$G13)*('RAW_URL,PageName'!$B$2:$B$999="LY"), ""))} | R13: {=_xlfn.TEXTJOIN(CHAR(10), 1, _xlfn._xlws.FILTER('RAW_URL,PageName'!E$2:E$999, ('RAW_URL,PageName'!$C$2:$C$999=$G13)*('RAW_URL,PageName'!$B$2:$B$999="LY"), ""))} | S13: {=_xlfn.TEXTJOIN(CHAR(10), 1, _xlfn._xlws.FILTER('RAW_URL,PageName'!F$2:F$999, ('RAW_URL,PageName'!$C$2:$C$999=$G13)*('RAW_URL,PageName'!$B$2:$B$999="LY"), ""))} | U13: =IFERROR(VLOOKUP($C13,태깅기획site_code!$N$4:$O$18,2,0),"") -> 4 | W13: 2 | X13: MENA | Y13: XGAD | Z13: UAE | AA13: UAE | AB13: ae | AC13: TBC | AD13: TBC | AE13: =IF(AD13="","",IF(IF(AD13>api용!D$2,api용!D$2,AD13)<AC13,"",IF(AD13>api용!D$2,api용!D$2,AD13)))
B14: =IF($G14="","",IFERROR(VLOOKUP($G14,RAW_tier!$B$2:$C$200,2,0),2)) -> 2 | C14: =IF(ISBLANK(태깅기획site_code!F13),"",태깅기획site_code!C13) -> CIS | D14: =IF(ISBLANK(태깅기획site_code!F13),"",IF(고객법인일정파일!P13="한총","SEC",IF(LEN(TRIM(고객법인일정파일!P13))=0,태깅기획site_code!D13,고객법인일정파일!P13))) -> XADRC | E14: =IF(ISBLANK(태깅기획site_code!F13),"",태깅기획site_code!E13) -> Azerbaijan | F14: =IF(ISBLANK(태깅기획site_code!F13),"",태깅기획site_code!J13) -> Azerbaijan | G14: =IF(ISBLANK(태깅기획site_code!B13),"",태깅기획site_code!F13) -> az | H14: =IF(ISBLANK(태깅기획site_code!F13),"",IF(고객법인일정파일!Q13="X","X",고객법인일정파일!R13)) | I14: =IF(ISBLANK(태깅기획site_code!F13),"",IF(고객법인일정파일!Q13="X","",고객법인일정파일!S13)) | K14: TBD | L14: TBD | M14: =IF(D14="","",VLOOKUP(D14,고객법인일정파일!$C$5:$J$200,8,0))&"" -> #N/A | N14: {=_xlfn.TEXTJOIN(CHAR(10), 1, _xlfn._xlws.FILTER('RAW_URL,PageName'!D$2:D$999, ('RAW_URL,PageName'!$C$2:$C$999=$G14)*('RAW_URL,PageName'!$B$2:$B$999="TY"), ""))} | O14: {=_xlfn.TEXTJOIN(CHAR(10), 1, _xlfn._xlws.FILTER('RAW_URL,PageName'!E$2:E$999, ('RAW_URL,PageName'!$C$2:$C$999=$G14)*('RAW_URL,PageName'!$B$2:$B$999="TY"), ""))} | P14: {=_xlfn.TEXTJOIN(CHAR(10), 1, _xlfn._xlws.FILTER('RAW_URL,PageName'!F$2:F$999, ('RAW_URL,PageName'!$C$2:$C$999=$G14)*('RAW_URL,PageName'!$B$2:$B$999="TY"), ""))} | Q14: {=_xlfn.TEXTJOIN(CHAR(10), 1, _xlfn._xlws.FILTER('RAW_URL,PageName'!D$2:D$999, ('RAW_URL,PageName'!$C$2:$C$999=$G14)*('RAW_URL,PageName'!$B$2:$B$999="LY"), ""))} | R14: {=_xlfn.TEXTJOIN(CHAR(10), 1, _xlfn._xlws.FILTER('RAW_URL,PageName'!E$2:E$999, ('RAW_URL,PageName'!$C$2:$C$999=$G14)*('RAW_URL,PageName'!$B$2:$B$999="LY"), ""))} | S14: {=_xlfn.TEXTJOIN(CHAR(10), 1, _xlfn._xlws.FILTER('RAW_URL,PageName'!F$2:F$999, ('RAW_URL,PageName'!$C$2:$C$999=$G14)*('RAW_URL,PageName'!$B$2:$B$999="LY"), ""))} | U14: =IFERROR(VLOOKUP($C14,태깅기획site_code!$N$4:$O$18,2,0),"") -> 7 | W14: 2 | X14: MENA | Y14: XGAD | Z14: UAE | AA14: UAE (ar) | AB14: ae_ar | AC14: TBC | AD14: TBC | AE14: =IF(AD14="","",IF(IF(AD14>api용!D$2,api용!D$2,AD14)<AC14,"",IF(AD14>api용!D$2,api용!D$2,AD14)))
B15: =IF($G15="","",IFERROR(VLOOKUP($G15,RAW_tier!$B$2:$C$200,2,0),2)) -> 2 | C15: =IF(ISBLANK(태깅기획site_code!F14),"",태깅기획site_code!C14) -> EU | D15: =IF(ISBLANK(태깅기획site_code!F14),"",IF(고객법인일정파일!P14="한총","SEC",IF(LEN(TRIM(고객법인일정파일!P14))=0,태깅기획site_code!D14,고객법인일정파일!P14))) -> XADUD | E15: =IF(ISBLANK(태깅기획site_code!F14),"",태깅기획site_code!E14) -> Bosnia | F15: =IF(ISBLANK(태깅기획site_code!F14),"",태깅기획site_code!J14) -> Bosnia | G15: =IF(ISBLANK(태깅기획site_code!B14),"",태깅기획site_code!F14) -> ba | H15: =IF(ISBLANK(태깅기획site_code!F14),"",IF(고객법인일정파일!Q14="X","X",고객법인일정파일!R14)) -> X | I15: =IF(ISBLANK(태깅기획site_code!F14),"",IF(고객법인일정파일!Q14="X","",고객법인일정파일!S14)) | K15: TBD | L15: TBD | M15: =IF(D15="","",VLOOKUP(D15,고객법인일정파일!$C$5:$J$200,8,0))&"" -> Note1-test XADUX-UT | N15: {=_xlfn.TEXTJOIN(CHAR(10), 1, _xlfn._xlws.FILTER('RAW_URL,PageName'!D$2:D$999, ('RAW_URL,PageName'!$C$2:$C$999=$G15)*('RAW_URL,PageName'!$B$2:$B$999="TY"), ""))} | O15: {=_xlfn.TEXTJOIN(CHAR(10), 1, _xlfn._xlws.FILTER('RAW_URL,PageName'!E$2:E$999, ('RAW_URL,PageName'!$C$2:$C$999=$G15)*('RAW_URL,PageName'!$B$2:$B$999="TY"), ""))} | P15: {=_xlfn.TEXTJOIN(CHAR(10), 1, _xlfn._xlws.FILTER('RAW_URL,PageName'!F$2:F$999, ('RAW_URL,PageName'!$C$2:$C$999=$G15)*('RAW_URL,PageName'!$B$2:$B$999="TY"), ""))} | Q15: {=_xlfn.TEXTJOIN(CHAR(10), 1, _xlfn._xlws.FILTER('RAW_URL,PageName'!D$2:D$999, ('RAW_URL,PageName'!$C$2:$C$999=$G15)*('RAW_URL,PageName'!$B$2:$B$999="LY"), ""))} | R15: {=_xlfn.TEXTJOIN(CHAR(10), 1, _xlfn._xlws.FILTER('RAW_URL,PageName'!E$2:E$999, ('RAW_URL,PageName'!$C$2:$C$999=$G15)*('RAW_URL,PageName'!$B$2:$B$999="LY"), ""))} | S15: {=_xlfn.TEXTJOIN(CHAR(10), 1, _xlfn._xlws.FILTER('RAW_URL,PageName'!F$2:F$999, ('RAW_URL,PageName'!$C$2:$C$999=$G15)*('RAW_URL,PageName'!$B$2:$B$999="LY"), ""))} | U15: =IFERROR(VLOOKUP($C15,태깅기획site_code!$N$4:$O$18,2,0),"") -> 2 | W15: 2 | X15: EU | Y15: XADUD | Z15: Albania | AA15: Albania | AB15: al | AC15: X | AE15: =IF(AD15="","",IF(IF(AD15>api용!D$2,api용!D$2,AD15)<AC15,"",IF(AD15>api용!D$2,api용!D$2,AD15)))
B16: =IF($G16="","",IFERROR(VLOOKUP($G16,RAW_tier!$B$2:$C$200,2,0),2)) -> 2 | C16: =IF(ISBLANK(태깅기획site_code!F15),"",태깅기획site_code!C15) -> S.W.Asia | D16: =IF(ISBLANK(태깅기획site_code!F15),"",IF(고객법인일정파일!P15="한총","SEC",IF(LEN(TRIM(고객법인일정파일!P15))=0,태깅기획site_code!D15,고객법인일정파일!P15))) -> XIADL | E16: =IF(ISBLANK(태깅기획site_code!F15),"",태깅기획site_code!E15) -> Bangladesh | F16: =IF(ISBLANK(태깅기획site_code!F15),"",태깅기획site_code!J15) -> Bangladesh | G16: =IF(ISBLANK(태깅기획site_code!B15),"",태깅기획site_code!F15) -> bd | H16: =IF(ISBLANK(태깅기획site_code!F15),"",IF(고객법인일정파일!Q15="X","X",고객법인일정파일!R15)) -> 46038 | I16: =IF(ISBLANK(태깅기획site_code!F15),"",IF(고객법인일정파일!Q15="X","",고객법인일정파일!S15)) -> 46044 | K16: 45764 | L16: 45775 | M16: =IF(D16="","",VLOOKUP(D16,고객법인일정파일!$C$5:$J$200,8,0))&"" | N16: {=_xlfn.TEXTJOIN(CHAR(10), 1, _xlfn._xlws.FILTER('RAW_URL,PageName'!D$2:D$999, ('RAW_URL,PageName'!$C$2:$C$999=$G16)*('RAW_URL,PageName'!$B$2:$B$999="TY"), ""))} | O16: {=_xlfn.TEXTJOIN(CHAR(10), 1, _xlfn._xlws.FILTER('RAW_URL,PageName'!E$2:E$999, ('RAW_URL,PageName'!$C$2:$C$999=$G16)*('RAW_URL,PageName'!$B$2:$B$999="TY"), ""))} | P16: {=_xlfn.TEXTJOIN(CHAR(10), 1, _xlfn._xlws.FILTER('RAW_URL,PageName'!F$2:F$999, ('RAW_URL,PageName'!$C$2:$C$999=$G16)*('RAW_URL,PageName'!$B$2:$B$999="TY"), ""))} | Q16: {=_xlfn.TEXTJOIN(CHAR(10), 1, _xlfn._xlws.FILTER('RAW_URL,PageName'!D$2:D$999, ('RAW_URL,PageName'!$C$2:$C$999=$G16)*('RAW_URL,PageName'!$B$2:$B$999="LY"), ""))} | R16: {=_xlfn.TEXTJOIN(CHAR(10), 1, _xlfn._xlws.FILTER('RAW_URL,PageName'!E$2:E$999, ('RAW_URL,PageName'!$C$2:$C$999=$G16)*('RAW_URL,PageName'!$B$2:$B$999="LY"), ""))} | S16: {=_xlfn.TEXTJOIN(CHAR(10), 1, _xlfn._xlws.FILTER('RAW_URL,PageName'!F$2:F$999, ('RAW_URL,PageName'!$C$2:$C$999=$G16)*('RAW_URL,PageName'!$B$2:$B$999="LY"), ""))} | U16: =IFERROR(VLOOKUP($C16,태깅기획site_code!$N$4:$O$18,2,0),"") -> 5 | W16: 2 | X16: L.America | Y16: XADUXU | Z16: Argentina | AA16: Argentina | AB16: ar | AC16: 46297 | AD16: 46313 | AE16: =IF(AD16="","",IF(IF(AD16>api용!D$2,api용!D$2,AD16)<AC16,"",IF(AD16>api용!D$2,api용!D$2,AD16)))
B17: =IF($G17="","",IFERROR(VLOOKUP($G17,RAW_tier!$B$2:$C$200,2,0),2)) -> 2 | C17: =IF(ISBLANK(태깅기획site_code!F16),"",태깅기획site_code!C16) -> EU | D17: =IF(ISBLANK(태깅기획site_code!F16),"",IF(고객법인일정파일!P16="한총","SEC",IF(LEN(TRIM(고객법인일정파일!P16))=0,태깅기획site_code!D16,고객법인일정파일!P16))) -> XADBN-BE | E17: =IF(ISBLANK(태깅기획site_code!F16),"",태깅기획site_code!E16) -> Belgium | F17: =IF(ISBLANK(태깅기획site_code!F16),"",태깅기획site_code!J16) -> Belgium(NL) | G17: =IF(ISBLANK(태깅기획site_code!B16),"",태깅기획site_code!F16) -> be | H17: =IF(ISBLANK(태깅기획site_code!F16),"",IF(고객법인일정파일!Q16="X","X",고객법인일정파일!R16)) -> 46050 | I17: =IF(ISBLANK(태깅기획site_code!F16),"",IF(고객법인일정파일!Q16="X","",고객법인일정파일!S16)) -> 46063 | K17: 45774 | L17: 45780 | M17: =IF(D17="","",VLOOKUP(D17,고객법인일정파일!$C$5:$J$200,8,0))&"" | N17: {=_xlfn.TEXTJOIN(CHAR(10), 1, _xlfn._xlws.FILTER('RAW_URL,PageName'!D$2:D$999, ('RAW_URL,PageName'!$C$2:$C$999=$G17)*('RAW_URL,PageName'!$B$2:$B$999="TY"), ""))} | O17: {=_xlfn.TEXTJOIN(CHAR(10), 1, _xlfn._xlws.FILTER('RAW_URL,PageName'!E$2:E$999, ('RAW_URL,PageName'!$C$2:$C$999=$G17)*('RAW_URL,PageName'!$B$2:$B$999="TY"), ""))} | P17: {=_xlfn.TEXTJOIN(CHAR(10), 1, _xlfn._xlws.FILTER('RAW_URL,PageName'!F$2:F$999, ('RAW_URL,PageName'!$C$2:$C$999=$G17)*('RAW_URL,PageName'!$B$2:$B$999="TY"), ""))} | Q17: {=_xlfn.TEXTJOIN(CHAR(10), 1, _xlfn._xlws.FILTER('RAW_URL,PageName'!D$2:D$999, ('RAW_URL,PageName'!$C$2:$C$999=$G17)*('RAW_URL,PageName'!$B$2:$B$999="LY"), ""))} | R17: {=_xlfn.TEXTJOIN(CHAR(10), 1, _xlfn._xlws.FILTER('RAW_URL,PageName'!E$2:E$999, ('RAW_URL,PageName'!$C$2:$C$999=$G17)*('RAW_URL,PageName'!$B$2:$B$999="LY"), ""))} | S17: {=_xlfn.TEXTJOIN(CHAR(10), 1, _xlfn._xlws.FILTER('RAW_URL,PageName'!F$2:F$999, ('RAW_URL,PageName'!$C$2:$C$999=$G17)*('RAW_URL,PageName'!$B$2:$B$999="LY"), ""))} | U17: =IFERROR(VLOOKUP($C17,태깅기획site_code!$N$4:$O$18,2,0),"") -> 2 | W17: 2 | X17: EU | Y17: XADUX-UT | Z17: Austria | AA17: Austria | AB17: at | AC17: 46042 | AD17: 46064 | AE17: =IF(AD17="","",IF(IF(AD17>api용!D$2,api용!D$2,AD17)<AC17,"",IF(AD17>api용!D$2,api용!D$2,AD17))) -> 46064
B18: =IF($G18="","",IFERROR(VLOOKUP($G18,RAW_tier!$B$2:$C$200,2,0),2)) -> 2 | C18: =IF(ISBLANK(태깅기획site_code!F17),"",태깅기획site_code!C17) -> EU | D18: =IF(ISBLANK(태깅기획site_code!F17),"",IF(고객법인일정파일!P17="한총","SEC",IF(LEN(TRIM(고객법인일정파일!P17))=0,태깅기획site_code!D17,고객법인일정파일!P17))) -> XADBN-BE | E18: =IF(ISBLANK(태깅기획site_code!F17),"",태깅기획site_code!E17) -> Belgium | F18: =IF(ISBLANK(태깅기획site_code!F17),"",태깅기획site_code!J17) -> Belgium(NL) | G18: =IF(ISBLANK(태깅기획site_code!B17),"",태깅기획site_code!F17) -> be_fr | H18: =IF(ISBLANK(태깅기획site_code!F17),"",IF(고객법인일정파일!Q17="X","X",고객법인일정파일!R17)) -> 46050 | I18: =IF(ISBLANK(태깅기획site_code!F17),"",IF(고객법인일정파일!Q17="X","",고객법인일정파일!S17)) -> 46063 | J18: O | K18: 45774 | L18: 45780 | M18: =IF(D18="","",VLOOKUP(D18,고객법인일정파일!$C$5:$J$200,8,0))&"" | N18: {=_xlfn.TEXTJOIN(CHAR(10), 1, _xlfn._xlws.FILTER('RAW_URL,PageName'!D$2:D$999, ('RAW_URL,PageName'!$C$2:$C$999=$G18)*('RAW_URL,PageName'!$B$2:$B$999="TY"), ""))} | O18: {=_xlfn.TEXTJOIN(CHAR(10), 1, _xlfn._xlws.FILTER('RAW_URL,PageName'!E$2:E$999, ('RAW_URL,PageName'!$C$2:$C$999=$G18)*('RAW_URL,PageName'!$B$2:$B$999="TY"), ""))} | P18: {=_xlfn.TEXTJOIN(CHAR(10), 1, _xlfn._xlws.FILTER('RAW_URL,PageName'!F$2:F$999, ('RAW_URL,PageName'!$C$2:$C$999=$G18)*('RAW_URL,PageName'!$B$2:$B$999="TY"), ""))} | Q18: {=_xlfn.TEXTJOIN(CHAR(10), 1, _xlfn._xlws.FILTER('RAW_URL,PageName'!D$2:D$999, ('RAW_URL,PageName'!$C$2:$C$999=$G18)*('RAW_URL,PageName'!$B$2:$B$999="LY"), ""))} | R18: {=_xlfn.TEXTJOIN(CHAR(10), 1, _xlfn._xlws.FILTER('RAW_URL,PageName'!E$2:E$999, ('RAW_URL,PageName'!$C$2:$C$999=$G18)*('RAW_URL,PageName'!$B$2:$B$999="LY"), ""))} | S18: {=_xlfn.TEXTJOIN(CHAR(10), 1, _xlfn._xlws.FILTER('RAW_URL,PageName'!F$2:F$999, ('RAW_URL,PageName'!$C$2:$C$999=$G18)*('RAW_URL,PageName'!$B$2:$B$999="LY"), ""))} | U18: =IFERROR(VLOOKUP($C18,태깅기획site_code!$N$4:$O$18,2,0),"") -> 2 | W18: 2 | X18: S.E.Asia | Y18: XADUU | Z18: Australia | AA18: Australia | AB18: au | AC18: 46046 | AD18: 46067 | AE18: =IF(AD18="","",IF(IF(AD18>api용!D$2,api용!D$2,AD18)<AC18,"",IF(AD18>api용!D$2,api용!D$2,AD18))) -> 46067
B19: =IF($G19="","",IFERROR(VLOOKUP($G19,RAW_tier!$B$2:$C$200,2,0),2)) -> 2 | C19: =IF(ISBLANK(태깅기획site_code!F18),"",태깅기획site_code!C18) -> EU | D19: =IF(ISBLANK(태깅기획site_code!F18),"",IF(고객법인일정파일!P18="한총","SEC",IF(LEN(TRIM(고객법인일정파일!P18))=0,태깅기획site_code!D18,고객법인일정파일!P18))) -> XADROM | E19: =IF(ISBLANK(태깅기획site_code!F18),"",태깅기획site_code!E18) -> Bulgaria | F19: =IF(ISBLANK(태깅기획site_code!F18),"",태깅기획site_code!J18) -> Bulgaria | G19: =IF(ISBLANK(태깅기획site_code!B18),"",태깅기획site_code!F18) -> bg | H19: =IF(ISBLANK(태깅기획site_code!F18),"",IF(고객법인일정파일!Q18="X","X",고객법인일정파일!R18)) -> 46113 | I19: =IF(ISBLANK(태깅기획site_code!F18),"",IF(고객법인일정파일!Q18="X","",고객법인일정파일!S18)) -> 46122 | M19: =IF(D19="","",VLOOKUP(D19,고객법인일정파일!$C$5:$J$200,8,0))&"" -> Note1-test XADROM | N19: {=_xlfn.TEXTJOIN(CHAR(10), 1, _xlfn._xlws.FILTER('RAW_URL,PageName'!D$2:D$999, ('RAW_URL,PageName'!$C$2:$C$999=$G19)*('RAW_URL,PageName'!$B$2:$B$999="TY"), ""))} | O19: {=_xlfn.TEXTJOIN(CHAR(10), 1, _xlfn._xlws.FILTER('RAW_URL,PageName'!E$2:E$999, ('RAW_URL,PageName'!$C$2:$C$999=$G19)*('RAW_URL,PageName'!$B$2:$B$999="TY"), ""))} | P19: {=_xlfn.TEXTJOIN(CHAR(10), 1, _xlfn._xlws.FILTER('RAW_URL,PageName'!F$2:F$999, ('RAW_URL,PageName'!$C$2:$C$999=$G19)*('RAW_URL,PageName'!$B$2:$B$999="TY"), ""))} | Q19: {=_xlfn.TEXTJOIN(CHAR(10), 1, _xlfn._xlws.FILTER('RAW_URL,PageName'!D$2:D$999, ('RAW_URL,PageName'!$C$2:$C$999=$G19)*('RAW_URL,PageName'!$B$2:$B$999="LY"), ""))} | R19: {=_xlfn.TEXTJOIN(CHAR(10), 1, _xlfn._xlws.FILTER('RAW_URL,PageName'!E$2:E$999, ('RAW_URL,PageName'!$C$2:$C$999=$G19)*('RAW_URL,PageName'!$B$2:$B$999="LY"), ""))} | S19: {=_xlfn.TEXTJOIN(CHAR(10), 1, _xlfn._xlws.FILTER('RAW_URL,PageName'!F$2:F$999, ('RAW_URL,PageName'!$C$2:$C$999=$G19)*('RAW_URL,PageName'!$B$2:$B$999="LY"), ""))} | U19: =IFERROR(VLOOKUP($C19,태깅기획site_code!$N$4:$O$18,2,0),"") -> 2 | W19: 2 | X19: EU | Y19: XADUD | Z19: Bosnia | AA19: Bosnia | AB19: ba | AC19: X | AE19: =IF(AD19="","",IF(IF(AD19>api용!D$2,api용!D$2,AD19)<AC19,"",IF(AD19>api용!D$2,api용!D$2,AD19)))
B20: =IF($G20="","",IFERROR(VLOOKUP($G20,RAW_tier!$B$2:$C$200,2,0),2)) -> 1 | C20: =IF(ISBLANK(태깅기획site_code!F19),"",태깅기획site_code!C19) -> L.America | D20: =IF(ISBLANK(태깅기획site_code!F19),"",IF(고객법인일정파일!P19="한총","SEC",IF(LEN(TRIM(고객법인일정파일!P19))=0,태깅기획site_code!D19,고객법인일정파일!P19))) -> XADDU | E20: =IF(ISBLANK(태깅기획site_code!F19),"",태깅기획site_code!E19) -> Brazil | F20: =IF(ISBLANK(태깅기획site_code!F19),"",태깅기획site_code!J19) -> Brazil | G20: =IF(ISBLANK(태깅기획site_code!B19),"",태깅기획site_code!F19) -> br | H20: =IF(ISBLANK(태깅기획site_code!F19),"",IF(고객법인일정파일!Q19="X","X",고객법인일정파일!R19)) -> 46042 | I20: =IF(ISBLANK(태깅기획site_code!F19),"",IF(고객법인일정파일!Q19="X","",고객법인일정파일!S19)) -> 46063 | M20: =IF(D20="","",VLOOKUP(D20,고객법인일정파일!$C$5:$J$200,8,0))&"" | N20: {=_xlfn.TEXTJOIN(CHAR(10), 1, _xlfn._xlws.FILTER('RAW_URL,PageName'!D$2:D$999, ('RAW_URL,PageName'!$C$2:$C$999=$G20)*('RAW_URL,PageName'!$B$2:$B$999="TY"), ""))} | O20: {=_xlfn.TEXTJOIN(CHAR(10), 1, _xlfn._xlws.FILTER('RAW_URL,PageName'!E$2:E$999, ('RAW_URL,PageName'!$C$2:$C$999=$G20)*('RAW_URL,PageName'!$B$2:$B$999="TY"), ""))} | P20: {=_xlfn.TEXTJOIN(CHAR(10), 1, _xlfn._xlws.FILTER('RAW_URL,PageName'!F$2:F$999, ('RAW_URL,PageName'!$C$2:$C$999=$G20)*('RAW_URL,PageName'!$B$2:$B$999="TY"), ""))} | Q20: {=_xlfn.TEXTJOIN(CHAR(10), 1, _xlfn._xlws.FILTER('RAW_URL,PageName'!D$2:D$999, ('RAW_URL,PageName'!$C$2:$C$999=$G20)*('RAW_URL,PageName'!$B$2:$B$999="LY"), ""))} | R20: {=_xlfn.TEXTJOIN(CHAR(10), 1, _xlfn._xlws.FILTER('RAW_URL,PageName'!E$2:E$999, ('RAW_URL,PageName'!$C$2:$C$999=$G20)*('RAW_URL,PageName'!$B$2:$B$999="LY"), ""))} | S20: {=_xlfn.TEXTJOIN(CHAR(10), 1, _xlfn._xlws.FILTER('RAW_URL,PageName'!F$2:F$999, ('RAW_URL,PageName'!$C$2:$C$999=$G20)*('RAW_URL,PageName'!$B$2:$B$999="LY"), ""))} | U20: =IFERROR(VLOOKUP($C20,태깅기획site_code!$N$4:$O$18,2,0),"") -> 3 | W20: 2 | X20: S.W.Asia | Y20: XIADL | Z20: Bangladesh | AA20: Bangladesh | AB20: bd | AC20: 46038 | AD20: 46044 | AE20: =IF(AD20="","",IF(IF(AD20>api용!D$2,api용!D$2,AD20)<AC20,"",IF(AD20>api용!D$2,api용!D$2,AD20))) -> 46044
B21: =IF($G21="","",IFERROR(VLOOKUP($G21,RAW_tier!$B$2:$C$200,2,0),2)) -> 2 | C21: =IF(ISBLANK(태깅기획site_code!F20),"",태깅기획site_code!C20) -> N.America | D21: =IF(ISBLANK(태깅기획site_code!F20),"",IF(고객법인일정파일!P20="한총","SEC",IF(LEN(TRIM(고객법인일정파일!P20))=0,태깅기획site_code!D20,고객법인일정파일!P20))) -> XADCU | E21: =IF(ISBLANK(태깅기획site_code!F20),"",태깅기획site_code!E20) -> Canada | F21: =IF(ISBLANK(태깅기획site_code!F20),"",태깅기획site_code!J20) -> Canada | G21: =IF(ISBLANK(태깅기획site_code!B20),"",태깅기획site_code!F20) -> ca | H21: =IF(ISBLANK(태깅기획site_code!F20),"",IF(고객법인일정파일!Q20="X","X",고객법인일정파일!R20)) -> 46043 | I21: =IF(ISBLANK(태깅기획site_code!F20),"",IF(고객법인일정파일!Q20="X","",고객법인일정파일!S20)) -> 46063 | M21: =IF(D21="","",VLOOKUP(D21,고객법인일정파일!$C$5:$J$200,8,0))&"" | N21: {=_xlfn.TEXTJOIN(CHAR(10), 1, _xlfn._xlws.FILTER('RAW_URL,PageName'!D$2:D$999, ('RAW_URL,PageName'!$C$2:$C$999=$G21)*('RAW_URL,PageName'!$B$2:$B$999="TY"), ""))} | O21: {=_xlfn.TEXTJOIN(CHAR(10), 1, _xlfn._xlws.FILTER('RAW_URL,PageName'!E$2:E$999, ('RAW_URL,PageName'!$C$2:$C$999=$G21)*('RAW_URL,PageName'!$B$2:$B$999="TY"), ""))} | P21: {=_xlfn.TEXTJOIN(CHAR(10), 1, _xlfn._xlws.FILTER('RAW_URL,PageName'!F$2:F$999, ('RAW_URL,PageName'!$C$2:$C$999=$G21)*('RAW_URL,PageName'!$B$2:$B$999="TY"), ""))} | Q21: {=_xlfn.TEXTJOIN(CHAR(10), 1, _xlfn._xlws.FILTER('RAW_URL,PageName'!D$2:D$999, ('RAW_URL,PageName'!$C$2:$C$999=$G21)*('RAW_URL,PageName'!$B$2:$B$999="LY"), ""))} | R21: {=_xlfn.TEXTJOIN(CHAR(10), 1, _xlfn._xlws.FILTER('RAW_URL,PageName'!E$2:E$999, ('RAW_URL,PageName'!$C$2:$C$999=$G21)*('RAW_URL,PageName'!$B$2:$B$999="LY"), ""))} | S21: {=_xlfn.TEXTJOIN(CHAR(10), 1, _xlfn._xlws.FILTER('RAW_URL,PageName'!F$2:F$999, ('RAW_URL,PageName'!$C$2:$C$999=$G21)*('RAW_URL,PageName'!$B$2:$B$999="LY"), ""))} | U21: =IFERROR(VLOOKUP($C21,태깅기획site_code!$N$4:$O$18,2,0),"") -> 1 | W21: 2 | X21: EU | Y21: XADBN-BE | Z21: Belgium | AA21: Belgium(NL) | AB21: be | AC21: 46050 | AD21: 46063 | AE21: =IF(AD21="","",IF(IF(AD21>api용!D$2,api용!D$2,AD21)<AC21,"",IF(AD21>api용!D$2,api용!D$2,AD21))) -> 46063
B22: =IF($G22="","",IFERROR(VLOOKUP($G22,RAW_tier!$B$2:$C$200,2,0),2)) -> 2 | C22: =IF(ISBLANK(태깅기획site_code!F21),"",태깅기획site_code!C21) -> N.America | D22: =IF(ISBLANK(태깅기획site_code!F21),"",IF(고객법인일정파일!P21="한총","SEC",IF(LEN(TRIM(고객법인일정파일!P21))=0,태깅기획site_code!D21,고객법인일정파일!P21))) -> XADCU | E22: =IF(ISBLANK(태깅기획site_code!F21),"",태깅기획site_code!E21) -> Canada | F22: =IF(ISBLANK(태깅기획site_code!F21),"",태깅기획site_code!J21) -> Canada (fr) | G22: =IF(ISBLANK(태깅기획site_code!B21),"",태깅기획site_code!F21) -> ca_fr | H22: =IF(ISBLANK(태깅기획site_code!F21),"",IF(고객법인일정파일!Q21="X","X",고객법인일정파일!R21)) -> 46043 | I22: =IF(ISBLANK(태깅기획site_code!F21),"",IF(고객법인일정파일!Q21="X","",고객법인일정파일!S21)) -> 46063 | M22: =IF(D22="","",VLOOKUP(D22,고객법인일정파일!$C$5:$J$200,8,0))&"" | N22: {=_xlfn.TEXTJOIN(CHAR(10), 1, _xlfn._xlws.FILTER('RAW_URL,PageName'!D$2:D$999, ('RAW_URL,PageName'!$C$2:$C$999=$G22)*('RAW_URL,PageName'!$B$2:$B$999="TY"), ""))} | O22: {=_xlfn.TEXTJOIN(CHAR(10), 1, _xlfn._xlws.FILTER('RAW_URL,PageName'!E$2:E$999, ('RAW_URL,PageName'!$C$2:$C$999=$G22)*('RAW_URL,PageName'!$B$2:$B$999="TY"), ""))} | P22: {=_xlfn.TEXTJOIN(CHAR(10), 1, _xlfn._xlws.FILTER('RAW_URL,PageName'!F$2:F$999, ('RAW_URL,PageName'!$C$2:$C$999=$G22)*('RAW_URL,PageName'!$B$2:$B$999="TY"), ""))} | Q22: {=_xlfn.TEXTJOIN(CHAR(10), 1, _xlfn._xlws.FILTER('RAW_URL,PageName'!D$2:D$999, ('RAW_URL,PageName'!$C$2:$C$999=$G22)*('RAW_URL,PageName'!$B$2:$B$999="LY"), ""))} | R22: {=_xlfn.TEXTJOIN(CHAR(10), 1, _xlfn._xlws.FILTER('RAW_URL,PageName'!E$2:E$999, ('RAW_URL,PageName'!$C$2:$C$999=$G22)*('RAW_URL,PageName'!$B$2:$B$999="LY"), ""))} | S22: {=_xlfn.TEXTJOIN(CHAR(10), 1, _xlfn._xlws.FILTER('RAW_URL,PageName'!F$2:F$999, ('RAW_URL,PageName'!$C$2:$C$999=$G22)*('RAW_URL,PageName'!$B$2:$B$999="LY"), ""))} | U22: =IFERROR(VLOOKUP($C22,태깅기획site_code!$N$4:$O$18,2,0),"") -> 1 | W22: 2 | X22: EU | Y22: XADROM | Z22: Bulgaria | AA22: Bulgaria | AB22: bg | AC22: 46113 | AD22: 46122 | AE22: =IF(AD22="","",IF(IF(AD22>api용!D$2,api용!D$2,AD22)<AC22,"",IF(AD22>api용!D$2,api용!D$2,AD22)))
B23: =IF($G23="","",IFERROR(VLOOKUP($G23,RAW_tier!$B$2:$C$200,2,0),2)) -> 2 | C23: =IF(ISBLANK(태깅기획site_code!F22),"",태깅기획site_code!C22) -> EU | D23: =IF(ISBLANK(태깅기획site_code!F22),"",IF(고객법인일정파일!P22="한총","SEC",IF(LEN(TRIM(고객법인일정파일!P22))=0,태깅기획site_code!D22,고객법인일정파일!P22))) -> XADUX-CH | E23: =IF(ISBLANK(태깅기획site_code!F22),"",태깅기획site_code!E22) -> Switzerland | F23: =IF(ISBLANK(태깅기획site_code!F22),"",태깅기획site_code!J22) -> Switzerland | G23: =IF(ISBLANK(태깅기획site_code!B22),"",태깅기획site_code!F22) -> ch | H23: =IF(ISBLANK(태깅기획site_code!F22),"",IF(고객법인일정파일!Q22="X","X",고객법인일정파일!R22)) -> 46048 | I23: =IF(ISBLANK(태깅기획site_code!F22),"",IF(고객법인일정파일!Q22="X","",고객법인일정파일!S22)) -> 46063 | M23: =IF(D23="","",VLOOKUP(D23,고객법인일정파일!$C$5:$J$200,8,0))&"" | N23: {=_xlfn.TEXTJOIN(CHAR(10), 1, _xlfn._xlws.FILTER('RAW_URL,PageName'!D$2:D$999, ('RAW_URL,PageName'!$C$2:$C$999=$G23)*('RAW_URL,PageName'!$B$2:$B$999="TY"), ""))} | O23: {=_xlfn.TEXTJOIN(CHAR(10), 1, _xlfn._xlws.FILTER('RAW_URL,PageName'!E$2:E$999, ('RAW_URL,PageName'!$C$2:$C$999=$G23)*('RAW_URL,PageName'!$B$2:$B$999="TY"), ""))} | P23: {=_xlfn.TEXTJOIN(CHAR(10), 1, _xlfn._xlws.FILTER('RAW_URL,PageName'!F$2:F$999, ('RAW_URL,PageName'!$C$2:$C$999=$G23)*('RAW_URL,PageName'!$B$2:$B$999="TY"), ""))} | Q23: {=_xlfn.TEXTJOIN(CHAR(10), 1, _xlfn._xlws.FILTER('RAW_URL,PageName'!D$2:D$999, ('RAW_URL,PageName'!$C$2:$C$999=$G23)*('RAW_URL,PageName'!$B$2:$B$999="LY"), ""))} | R23: {=_xlfn.TEXTJOIN(CHAR(10), 1, _xlfn._xlws.FILTER('RAW_URL,PageName'!E$2:E$999, ('RAW_URL,PageName'!$C$2:$C$999=$G23)*('RAW_URL,PageName'!$B$2:$B$999="LY"), ""))} | S23: {=_xlfn.TEXTJOIN(CHAR(10), 1, _xlfn._xlws.FILTER('RAW_URL,PageName'!F$2:F$999, ('RAW_URL,PageName'!$C$2:$C$999=$G23)*('RAW_URL,PageName'!$B$2:$B$999="LY"), ""))} | U23: =IFERROR(VLOOKUP($C23,태깅기획site_code!$N$4:$O$18,2,0),"") -> 2 | W23: 2 | X23: N.America | Y23: XADCU | Z23: Canada | AA23: Canada | AB23: ca | AC23: 46043 | AD23: 46063 | AE23: =IF(AD23="","",IF(IF(AD23>api용!D$2,api용!D$2,AD23)<AC23,"",IF(AD23>api용!D$2,api용!D$2,AD23))) -> 46063
B24: =IF($G24="","",IFERROR(VLOOKUP($G24,RAW_tier!$B$2:$C$200,2,0),2)) -> 2 | C24: =IF(ISBLANK(태깅기획site_code!F23),"",태깅기획site_code!C23) -> EU | D24: =IF(ISBLANK(태깅기획site_code!F23),"",IF(고객법인일정파일!P23="한총","SEC",IF(LEN(TRIM(고객법인일정파일!P23))=0,태깅기획site_code!D23,고객법인일정파일!P23))) -> XADUX-CH | E24: =IF(ISBLANK(태깅기획site_code!F23),"",태깅기획site_code!E23) -> Switzerland | F24: =IF(ISBLANK(태깅기획site_code!F23),"",태깅기획site_code!J23) -> Switzerland(FR) | G24: =IF(ISBLANK(태깅기획site_code!B23),"",태깅기획site_code!F23) -> ch_fr | H24: =IF(ISBLANK(태깅기획site_code!F23),"",IF(고객법인일정파일!Q23="X","X",고객법인일정파일!R23)) -> 46048 | I24: =IF(ISBLANK(태깅기획site_code!F23),"",IF(고객법인일정파일!Q23="X","",고객법인일정파일!S23)) -> 46063 | M24: =IF(D24="","",VLOOKUP(D24,고객법인일정파일!$C$5:$J$200,8,0))&"" | N24: {=_xlfn.TEXTJOIN(CHAR(10), 1, _xlfn._xlws.FILTER('RAW_URL,PageName'!D$2:D$999, ('RAW_URL,PageName'!$C$2:$C$999=$G24)*('RAW_URL,PageName'!$B$2:$B$999="TY"), ""))} | O24: {=_xlfn.TEXTJOIN(CHAR(10), 1, _xlfn._xlws.FILTER('RAW_URL,PageName'!E$2:E$999, ('RAW_URL,PageName'!$C$2:$C$999=$G24)*('RAW_URL,PageName'!$B$2:$B$999="TY"), ""))} | P24: {=_xlfn.TEXTJOIN(CHAR(10), 1, _xlfn._xlws.FILTER('RAW_URL,PageName'!F$2:F$999, ('RAW_URL,PageName'!$C$2:$C$999=$G24)*('RAW_URL,PageName'!$B$2:$B$999="TY"), ""))} | Q24: {=_xlfn.TEXTJOIN(CHAR(10), 1, _xlfn._xlws.FILTER('RAW_URL,PageName'!D$2:D$999, ('RAW_URL,PageName'!$C$2:$C$999=$G24)*('RAW_URL,PageName'!$B$2:$B$999="LY"), ""))} | R24: {=_xlfn.TEXTJOIN(CHAR(10), 1, _xlfn._xlws.FILTER('RAW_URL,PageName'!E$2:E$999, ('RAW_URL,PageName'!$C$2:$C$999=$G24)*('RAW_URL,PageName'!$B$2:$B$999="LY"), ""))} | S24: {=_xlfn.TEXTJOIN(CHAR(10), 1, _xlfn._xlws.FILTER('RAW_URL,PageName'!F$2:F$999, ('RAW_URL,PageName'!$C$2:$C$999=$G24)*('RAW_URL,PageName'!$B$2:$B$999="LY"), ""))} | U24: =IFERROR(VLOOKUP($C24,태깅기획site_code!$N$4:$O$18,2,0),"") -> 2 | W24: 2 | X24: N.America | Y24: XADCU | Z24: Canada | AA24: Canada (fr) | AB24: ca_fr | AC24: 46043 | AD24: 46063 | AE24: =IF(AD24="","",IF(IF(AD24>api용!D$2,api용!D$2,AD24)<AC24,"",IF(AD24>api용!D$2,api용!D$2,AD24))) -> 46063
B25: =IF($G25="","",IFERROR(VLOOKUP($G25,RAW_tier!$B$2:$C$200,2,0),2)) -> 2 | C25: =IF(ISBLANK(태깅기획site_code!F24),"",태깅기획site_code!C24) -> L.America | D25: =IF(ISBLANK(태깅기획site_code!F24),"",IF(고객법인일정파일!P24="한총","SEC",IF(LEN(TRIM(고객법인일정파일!P24))=0,태깅기획site_code!D24,고객법인일정파일!P24))) -> XADCH | E25: =IF(ISBLANK(태깅기획site_code!F24),"",태깅기획site_code!E24) -> Chile | F25: =IF(ISBLANK(태깅기획site_code!F24),"",태깅기획site_code!J24) -> Chile | G25: =IF(ISBLANK(태깅기획site_code!B24),"",태깅기획site_code!F24) -> cl | H25: =IF(ISBLANK(태깅기획site_code!F24),"",IF(고객법인일정파일!Q24="X","X",고객법인일정파일!R24)) -> 46042 | I25: =IF(ISBLANK(태깅기획site_code!F24),"",IF(고객법인일정파일!Q24="X","",고객법인일정파일!S24)) -> 46063 | M25: =IF(D25="","",VLOOKUP(D25,고객법인일정파일!$C$5:$J$200,8,0))&"" | N25: {=_xlfn.TEXTJOIN(CHAR(10), 1, _xlfn._xlws.FILTER('RAW_URL,PageName'!D$2:D$999, ('RAW_URL,PageName'!$C$2:$C$999=$G25)*('RAW_URL,PageName'!$B$2:$B$999="TY"), ""))} | O25: {=_xlfn.TEXTJOIN(CHAR(10), 1, _xlfn._xlws.FILTER('RAW_URL,PageName'!E$2:E$999, ('RAW_URL,PageName'!$C$2:$C$999=$G25)*('RAW_URL,PageName'!$B$2:$B$999="TY"), ""))} | P25: {=_xlfn.TEXTJOIN(CHAR(10), 1, _xlfn._xlws.FILTER('RAW_URL,PageName'!F$2:F$999, ('RAW_URL,PageName'!$C$2:$C$999=$G25)*('RAW_URL,PageName'!$B$2:$B$999="TY"), ""))} | Q25: {=_xlfn.TEXTJOIN(CHAR(10), 1, _xlfn._xlws.FILTER('RAW_URL,PageName'!D$2:D$999, ('RAW_URL,PageName'!$C$2:$C$999=$G25)*('RAW_URL,PageName'!$B$2:$B$999="LY"), ""))} | R25: {=_xlfn.TEXTJOIN(CHAR(10), 1, _xlfn._xlws.FILTER('RAW_URL,PageName'!E$2:E$999, ('RAW_URL,PageName'!$C$2:$C$999=$G25)*('RAW_URL,PageName'!$B$2:$B$999="LY"), ""))} | S25: {=_xlfn.TEXTJOIN(CHAR(10), 1, _xlfn._xlws.FILTER('RAW_URL,PageName'!F$2:F$999, ('RAW_URL,PageName'!$C$2:$C$999=$G25)*('RAW_URL,PageName'!$B$2:$B$999="LY"), ""))} | U25: =IFERROR(VLOOKUP($C25,태깅기획site_code!$N$4:$O$18,2,0),"") -> 3 | W25: 2 | X25: EU | Y25: XADUX-CH | Z25: Switzerland | AA25: Switzerland | AB25: ch | AC25: 46048 | AD25: 46063 | AE25: =IF(AD25="","",IF(IF(AD25>api용!D$2,api용!D$2,AD25)<AC25,"",IF(AD25>api용!D$2,api용!D$2,AD25))) -> 46063
B26: =IF($G26="","",IFERROR(VLOOKUP($G26,RAW_tier!$B$2:$C$200,2,0),2)) -> 1 | C26: =IF(ISBLANK(태깅기획site_code!F25),"",태깅기획site_code!C25) -> China | D26: =IF(ISBLANK(태깅기획site_code!F25),"",IF(고객법인일정파일!P25="한총","SEC",IF(LEN(TRIM(고객법인일정파일!P25))=0,태깅기획site_code!D25,고객법인일정파일!P25))) -> XCIC | E26: =IF(ISBLANK(태깅기획site_code!F25),"",태깅기획site_code!E25) -> China | F26: =IF(ISBLANK(태깅기획site_code!F25),"",태깅기획site_code!J25) -> China | G26: =IF(ISBLANK(태깅기획site_code!B25),"",태깅기획site_code!F25) -> cn | H26: =IF(ISBLANK(태깅기획site_code!F25),"",IF(고객법인일정파일!Q25="X","X",고객법인일정파일!R25)) -> 46054 | I26: =IF(ISBLANK(태깅기획site_code!F25),"",IF(고객법인일정파일!Q25="X","",고객법인일정파일!S25)) -> 46063 | M26: =IF(D26="","",VLOOKUP(D26,고객법인일정파일!$C$5:$J$200,8,0))&"" -> Note1-test XADHK | N26: {=_xlfn.TEXTJOIN(CHAR(10), 1, _xlfn._xlws.FILTER('RAW_URL,PageName'!D$2:D$999, ('RAW_URL,PageName'!$C$2:$C$999=$G26)*('RAW_URL,PageName'!$B$2:$B$999="TY"), ""))} | O26: {=_xlfn.TEXTJOIN(CHAR(10), 1, _xlfn._xlws.FILTER('RAW_URL,PageName'!E$2:E$999, ('RAW_URL,PageName'!$C$2:$C$999=$G26)*('RAW_URL,PageName'!$B$2:$B$999="TY"), ""))} | P26: {=_xlfn.TEXTJOIN(CHAR(10), 1, _xlfn._xlws.FILTER('RAW_URL,PageName'!F$2:F$999, ('RAW_URL,PageName'!$C$2:$C$999=$G26)*('RAW_URL,PageName'!$B$2:$B$999="TY"), ""))} | Q26: {=_xlfn.TEXTJOIN(CHAR(10), 1, _xlfn._xlws.FILTER('RAW_URL,PageName'!D$2:D$999, ('RAW_URL,PageName'!$C$2:$C$999=$G26)*('RAW_URL,PageName'!$B$2:$B$999="LY"), ""))} | R26: {=_xlfn.TEXTJOIN(CHAR(10), 1, _xlfn._xlws.FILTER('RAW_URL,PageName'!E$2:E$999, ('RAW_URL,PageName'!$C$2:$C$999=$G26)*('RAW_URL,PageName'!$B$2:$B$999="LY"), ""))} | S26: {=_xlfn.TEXTJOIN(CHAR(10), 1, _xlfn._xlws.FILTER('RAW_URL,PageName'!F$2:F$999, ('RAW_URL,PageName'!$C$2:$C$999=$G26)*('RAW_URL,PageName'!$B$2:$B$999="LY"), ""))} | U26: =IFERROR(VLOOKUP($C26,태깅기획site_code!$N$4:$O$18,2,0),"") -> 9 | W26: 2 | X26: EU | Y26: XADUX-CH | Z26: Switzerland | AA26: Switzerland(FR) | AB26: ch_fr | AC26: 46048 | AD26: 46063 | AE26: =IF(AD26="","",IF(IF(AD26>api용!D$2,api용!D$2,AD26)<AC26,"",IF(AD26>api용!D$2,api용!D$2,AD26))) -> 46063
B27: =IF($G27="","",IFERROR(VLOOKUP($G27,RAW_tier!$B$2:$C$200,2,0),2)) -> 2 | C27: =IF(ISBLANK(태깅기획site_code!F26),"",태깅기획site_code!C26) -> L.America | D27: =IF(ISBLANK(태깅기획site_code!F26),"",IF(고객법인일정파일!P26="한총","SEC",IF(LEN(TRIM(고객법인일정파일!P26))=0,태깅기획site_code!D26,고객법인일정파일!P26))) -> XUMCOL | E27: =IF(ISBLANK(태깅기획site_code!F26),"",태깅기획site_code!E26) -> Colombia | F27: =IF(ISBLANK(태깅기획site_code!F26),"",태깅기획site_code!J26) -> Colombia | G27: =IF(ISBLANK(태깅기획site_code!B26),"",태깅기획site_code!F26) -> co | H27: =IF(ISBLANK(태깅기획site_code!F26),"",IF(고객법인일정파일!Q26="X","X",고객법인일정파일!R26)) -> 46042 | I27: =IF(ISBLANK(태깅기획site_code!F26),"",IF(고객법인일정파일!Q26="X","",고객법인일정파일!S26)) -> 46063 | K27: 45767 | L27: 45787 | M27: =IF(D27="","",VLOOKUP(D27,고객법인일정파일!$C$5:$J$200,8,0))&"" | N27: {=_xlfn.TEXTJOIN(CHAR(10), 1, _xlfn._xlws.FILTER('RAW_URL,PageName'!D$2:D$999, ('RAW_URL,PageName'!$C$2:$C$999=$G27)*('RAW_URL,PageName'!$B$2:$B$999="TY"), ""))} | O27: {=_xlfn.TEXTJOIN(CHAR(10), 1, _xlfn._xlws.FILTER('RAW_URL,PageName'!E$2:E$999, ('RAW_URL,PageName'!$C$2:$C$999=$G27)*('RAW_URL,PageName'!$B$2:$B$999="TY"), ""))} | P27: {=_xlfn.TEXTJOIN(CHAR(10), 1, _xlfn._xlws.FILTER('RAW_URL,PageName'!F$2:F$999, ('RAW_URL,PageName'!$C$2:$C$999=$G27)*('RAW_URL,PageName'!$B$2:$B$999="TY"), ""))} | Q27: {=_xlfn.TEXTJOIN(CHAR(10), 1, _xlfn._xlws.FILTER('RAW_URL,PageName'!D$2:D$999, ('RAW_URL,PageName'!$C$2:$C$999=$G27)*('RAW_URL,PageName'!$B$2:$B$999="LY"), ""))} | R27: {=_xlfn.TEXTJOIN(CHAR(10), 1, _xlfn._xlws.FILTER('RAW_URL,PageName'!E$2:E$999, ('RAW_URL,PageName'!$C$2:$C$999=$G27)*('RAW_URL,PageName'!$B$2:$B$999="LY"), ""))} | S27: {=_xlfn.TEXTJOIN(CHAR(10), 1, _xlfn._xlws.FILTER('RAW_URL,PageName'!F$2:F$999, ('RAW_URL,PageName'!$C$2:$C$999=$G27)*('RAW_URL,PageName'!$B$2:$B$999="LY"), ""))} | U27: =IFERROR(VLOOKUP($C27,태깅기획site_code!$N$4:$O$18,2,0),"") -> 3 | W27: 2 | X27: L.America | Y27: XADCH | Z27: Chile | AA27: Chile | AB27: cl | AC27: 46042 | AD27: 46063 | AE27: =IF(AD27="","",IF(IF(AD27>api용!D$2,api용!D$2,AD27)<AC27,"",IF(AD27>api용!D$2,api용!D$2,AD27))) -> 46063
B28: =IF($G28="","",IFERROR(VLOOKUP($G28,RAW_tier!$B$2:$C$200,2,0),2)) -> 2 | C28: =IF(ISBLANK(태깅기획site_code!F27),"",태깅기획site_code!C27) -> EU | D28: =IF(ISBLANK(태깅기획site_code!F27),"",IF(고객법인일정파일!P27="한총","SEC",IF(LEN(TRIM(고객법인일정파일!P27))=0,태깅기획site_code!D27,고객법인일정파일!P27))) -> XADCZ | E28: =IF(ISBLANK(태깅기획site_code!F27),"",태깅기획site_code!E27) -> Czech | F28: =IF(ISBLANK(태깅기획site_code!F27),"",태깅기획site_code!J27) -> Czech | G28: =IF(ISBLANK(태깅기획site_code!B27),"",태깅기획site_code!F27) -> cz | H28: =IF(ISBLANK(태깅기획site_code!F27),"",IF(고객법인일정파일!Q27="X","X",고객법인일정파일!R27)) -> 46054 | I28: =IF(ISBLANK(태깅기획site_code!F27),"",IF(고객법인일정파일!Q27="X","",고객법인일정파일!S27)) -> 46063 | K28: 45778 | L28: 45787 | M28: =IF(D28="","",VLOOKUP(D28,고객법인일정파일!$C$5:$J$200,8,0))&"" | N28: {=_xlfn.TEXTJOIN(CHAR(10), 1, _xlfn._xlws.FILTER('RAW_URL,PageName'!D$2:D$999, ('RAW_URL,PageName'!$C$2:$C$999=$G28)*('RAW_URL,PageName'!$B$2:$B$999="TY"), ""))} | O28: {=_xlfn.TEXTJOIN(CHAR(10), 1, _xlfn._xlws.FILTER('RAW_URL,PageName'!E$2:E$999, ('RAW_URL,PageName'!$C$2:$C$999=$G28)*('RAW_URL,PageName'!$B$2:$B$999="TY"), ""))} | P28: {=_xlfn.TEXTJOIN(CHAR(10), 1, _xlfn._xlws.FILTER('RAW_URL,PageName'!F$2:F$999, ('RAW_URL,PageName'!$C$2:$C$999=$G28)*('RAW_URL,PageName'!$B$2:$B$999="TY"), ""))} | Q28: {=_xlfn.TEXTJOIN(CHAR(10), 1, _xlfn._xlws.FILTER('RAW_URL,PageName'!D$2:D$999, ('RAW_URL,PageName'!$C$2:$C$999=$G28)*('RAW_URL,PageName'!$B$2:$B$999="LY"), ""))} | R28: {=_xlfn.TEXTJOIN(CHAR(10), 1, _xlfn._xlws.FILTER('RAW_URL,PageName'!E$2:E$999, ('RAW_URL,PageName'!$C$2:$C$999=$G28)*('RAW_URL,PageName'!$B$2:$B$999="LY"), ""))} | S28: {=_xlfn.TEXTJOIN(CHAR(10), 1, _xlfn._xlws.FILTER('RAW_URL,PageName'!F$2:F$999, ('RAW_URL,PageName'!$C$2:$C$999=$G28)*('RAW_URL,PageName'!$B$2:$B$999="LY"), ""))} | U28: =IFERROR(VLOOKUP($C28,태깅기획site_code!$N$4:$O$18,2,0),"") -> 2 | W28: 2 | X28: L.America | Y28: XUMCOL | Z28: Colombia | AA28: Colombia | AB28: co | AC28: 46042 | AD28: 46063 | AE28: =IF(AD28="","",IF(IF(AD28>api용!D$2,api용!D$2,AD28)<AC28,"",IF(AD28>api용!D$2,api용!D$2,AD28))) -> 46063
B29: =IF($G29="","",IFERROR(VLOOKUP($G29,RAW_tier!$B$2:$C$200,2,0),2)) -> 2 | C29: =IF(ISBLANK(태깅기획site_code!F28),"",태깅기획site_code!C28) -> EU | D29: =IF(ISBLANK(태깅기획site_code!F28),"",IF(고객법인일정파일!P28="한총","SEC",IF(LEN(TRIM(고객법인일정파일!P28))=0,태깅기획site_code!D28,고객법인일정파일!P28))) -> XADG | E29: =IF(ISBLANK(태깅기획site_code!F28),"",태깅기획site_code!E28) -> Germany | F29: =IF(ISBLANK(태깅기획site_code!F28),"",태깅기획site_code!J28) -> Germany | G29: =IF(ISBLANK(태깅기획site_code!B28),"",태깅기획site_code!F28) -> de | H29: =IF(ISBLANK(태깅기획site_code!F28),"",IF(고객법인일정파일!Q28="X","X",고객법인일정파일!R28)) -> 46031 | I29: =IF(ISBLANK(태깅기획site_code!F28),"",IF(고객법인일정파일!Q28="X","",고객법인일정파일!S28)) -> 46064 | K29: 45756 | L29: 45788 | M29: =IF(D29="","",VLOOKUP(D29,고객법인일정파일!$C$5:$J$200,8,0))&"" -> Note1-test XADG | N29: {=_xlfn.TEXTJOIN(CHAR(10), 1, _xlfn._xlws.FILTER('RAW_URL,PageName'!D$2:D$999, ('RAW_URL,PageName'!$C$2:$C$999=$G29)*('RAW_URL,PageName'!$B$2:$B$999="TY"), ""))} -> https://company_name.com/de/offer/test-campaign-2026 https://company_name.com/de/offer/test-campaign-2026-other | O29: {=_xlfn.TEXTJOIN(CHAR(10), 1, _xlfn._xlws.FILTER('RAW_URL,PageName'!E$2:E$999, ('RAW_URL,PageName'!$C$2:$C$999=$G29)*('RAW_URL,PageName'!$B$2:$B$999="TY"), ""))} -> de:offer:testcampaign2026 de:offer:testcampaign2026other | P29: {=_xlfn.TEXTJOIN(CHAR(10), 1, _xlfn._xlws.FILTER('RAW_URL,PageName'!F$2:F$999, ('RAW_URL,PageName'!$C$2:$C$999=$G29)*('RAW_URL,PageName'!$B$2:$B$999="TY"), ""))} -> 노트test1 | Q29: {=_xlfn.TEXTJOIN(CHAR(10), 1, _xlfn._xlws.FILTER('RAW_URL,PageName'!D$2:D$999, ('RAW_URL,PageName'!$C$2:$C$999=$G29)*('RAW_URL,PageName'!$B$2:$B$999="LY"), ""))} -> https://company_name.com/de/offer/test-campaign-2025 | R29: {=_xlfn.TEXTJOIN(CHAR(10), 1, _xlfn._xlws.FILTER('RAW_URL,PageName'!E$2:E$999, ('RAW_URL,PageName'!$C$2:$C$999=$G29)*('RAW_URL,PageName'!$B$2:$B$999="LY"), ""))} -> de:offer:testcampaign2025 | S29: {=_xlfn.TEXTJOIN(CHAR(10), 1, _xlfn._xlws.FILTER('RAW_URL,PageName'!F$2:F$999, ('RAW_URL,PageName'!$C$2:$C$999=$G29)*('RAW_URL,PageName'!$B$2:$B$999="LY"), ""))} -> 노트test1 | U29: =IFERROR(VLOOKUP($C29,태깅기획site_code!$N$4:$O$18,2,0),"") -> 2 | W29: 2 | X29: EU | Y29: XADCZ | Z29: Czech | AA29: Czech | AB29: cz | AC29: 46054 | AD29: 46063 | AE29: =IF(AD29="","",IF(IF(AD29>api용!D$2,api용!D$2,AD29)<AC29,"",IF(AD29>api용!D$2,api용!D$2,AD29))) -> 46063
B30: =IF($G30="","",IFERROR(VLOOKUP($G30,RAW_tier!$B$2:$C$200,2,0),2)) -> 2 | C30: =IF(ISBLANK(태깅기획site_code!F29),"",태깅기획site_code!C29) -> EU | D30: =IF(ISBLANK(태깅기획site_code!F29),"",IF(고객법인일정파일!P29="한총","SEC",IF(LEN(TRIM(고객법인일정파일!P29))=0,태깅기획site_code!D29,고객법인일정파일!P29))) -> XADNU | E30: =IF(ISBLANK(태깅기획site_code!F29),"",태깅기획site_code!E29) -> Denmark | F30: =IF(ISBLANK(태깅기획site_code!F29),"",태깅기획site_code!J29) -> Denmark | G30: =IF(ISBLANK(태깅기획site_code!B29),"",태깅기획site_code!F29) -> dk | H30: =IF(ISBLANK(태깅기획site_code!F29),"",IF(고객법인일정파일!Q29="X","X",고객법인일정파일!R29)) -> X | I30: =IF(ISBLANK(태깅기획site_code!F29),"",IF(고객법인일정파일!Q29="X","",고객법인일정파일!S29)) | K30: TBD | L30: TBD | M30: =IF(D30="","",VLOOKUP(D30,고객법인일정파일!$C$5:$J$200,8,0))&"" -> Note1-test XADBN-NL | N30: {=_xlfn.TEXTJOIN(CHAR(10), 1, _xlfn._xlws.FILTER('RAW_URL,PageName'!D$2:D$999, ('RAW_URL,PageName'!$C$2:$C$999=$G30)*('RAW_URL,PageName'!$B$2:$B$999="TY"), ""))} | O30: {=_xlfn.TEXTJOIN(CHAR(10), 1, _xlfn._xlws.FILTER('RAW_URL,PageName'!E$2:E$999, ('RAW_URL,PageName'!$C$2:$C$999=$G30)*('RAW_URL,PageName'!$B$2:$B$999="TY"), ""))} | P30: {=_xlfn.TEXTJOIN(CHAR(10), 1, _xlfn._xlws.FILTER('RAW_URL,PageName'!F$2:F$999, ('RAW_URL,PageName'!$C$2:$C$999=$G30)*('RAW_URL,PageName'!$B$2:$B$999="TY"), ""))} | Q30: {=_xlfn.TEXTJOIN(CHAR(10), 1, _xlfn._xlws.FILTER('RAW_URL,PageName'!D$2:D$999, ('RAW_URL,PageName'!$C$2:$C$999=$G30)*('RAW_URL,PageName'!$B$2:$B$999="LY"), ""))} | R30: {=_xlfn.TEXTJOIN(CHAR(10), 1, _xlfn._xlws.FILTER('RAW_URL,PageName'!E$2:E$999, ('RAW_URL,PageName'!$C$2:$C$999=$G30)*('RAW_URL,PageName'!$B$2:$B$999="LY"), ""))} | S30: {=_xlfn.TEXTJOIN(CHAR(10), 1, _xlfn._xlws.FILTER('RAW_URL,PageName'!F$2:F$999, ('RAW_URL,PageName'!$C$2:$C$999=$G30)*('RAW_URL,PageName'!$B$2:$B$999="LY"), ""))} | U30: =IFERROR(VLOOKUP($C30,태깅기획site_code!$N$4:$O$18,2,0),"") -> 2 | W30: 2 | X30: EU | Y30: XADG | Z30: Germany | AA30: Germany | AB30: de | AC30: 46031 | AD30: 46064 | AE30: =IF(AD30="","",IF(IF(AD30>api용!D$2,api용!D$2,AD30)<AC30,"",IF(AD30>api용!D$2,api용!D$2,AD30))) -> 46064
B31: =IF($G31="","",IFERROR(VLOOKUP($G31,RAW_tier!$B$2:$C$200,2,0),2)) -> 2 | C31: =IF(ISBLANK(태깅기획site_code!F30),"",태깅기획site_code!C30) -> EU | D31: =IF(ISBLANK(태깅기획site_code!F30),"",IF(고객법인일정파일!P30="한총","SEC",IF(LEN(TRIM(고객법인일정파일!P30))=0,태깅기획site_code!D30,고객법인일정파일!P30))) -> XADB | E31: =IF(ISBLANK(태깅기획site_code!F30),"",태깅기획site_code!E30) -> Estonia | F31: =IF(ISBLANK(태깅기획site_code!F30),"",태깅기획site_code!J30) -> Estonia | G31: =IF(ISBLANK(태깅기획site_code!B30),"",태깅기획site_code!F30) -> ee | H31: =IF(ISBLANK(태깅기획site_code!F30),"",IF(고객법인일정파일!Q30="X","X",고객법인일정파일!R30)) | I31: =IF(ISBLANK(태깅기획site_code!F30),"",IF(고객법인일정파일!Q30="X","",고객법인일정파일!S30)) | K31: TBD | L31: TBD | M31: =IF(D31="","",VLOOKUP(D31,고객법인일정파일!$C$5:$J$200,8,0))&"" | N31: {=_xlfn.TEXTJOIN(CHAR(10), 1, _xlfn._xlws.FILTER('RAW_URL,PageName'!D$2:D$999, ('RAW_URL,PageName'!$C$2:$C$999=$G31)*('RAW_URL,PageName'!$B$2:$B$999="TY"), ""))} | O31: {=_xlfn.TEXTJOIN(CHAR(10), 1, _xlfn._xlws.FILTER('RAW_URL,PageName'!E$2:E$999, ('RAW_URL,PageName'!$C$2:$C$999=$G31)*('RAW_URL,PageName'!$B$2:$B$999="TY"), ""))} | P31: {=_xlfn.TEXTJOIN(CHAR(10), 1, _xlfn._xlws.FILTER('RAW_URL,PageName'!F$2:F$999, ('RAW_URL,PageName'!$C$2:$C$999=$G31)*('RAW_URL,PageName'!$B$2:$B$999="TY"), ""))} | Q31: {=_xlfn.TEXTJOIN(CHAR(10), 1, _xlfn._xlws.FILTER('RAW_URL,PageName'!D$2:D$999, ('RAW_URL,PageName'!$C$2:$C$999=$G31)*('RAW_URL,PageName'!$B$2:$B$999="LY"), ""))} | R31: {=_xlfn.TEXTJOIN(CHAR(10), 1, _xlfn._xlws.FILTER('RAW_URL,PageName'!E$2:E$999, ('RAW_URL,PageName'!$C$2:$C$999=$G31)*('RAW_URL,PageName'!$B$2:$B$999="LY"), ""))} | S31: {=_xlfn.TEXTJOIN(CHAR(10), 1, _xlfn._xlws.FILTER('RAW_URL,PageName'!F$2:F$999, ('RAW_URL,PageName'!$C$2:$C$999=$G31)*('RAW_URL,PageName'!$B$2:$B$999="LY"), ""))} | U31: =IFERROR(VLOOKUP($C31,태깅기획site_code!$N$4:$O$18,2,0),"") -> 2 | W31: 2 | X31: EU | Y31: XADNU | Z31: Denmark | AA31: Denmark | AB31: dk | AC31: X | AE31: =IF(AD31="","",IF(IF(AD31>api용!D$2,api용!D$2,AD31)<AC31,"",IF(AD31>api용!D$2,api용!D$2,AD31)))
B32: =IF($G32="","",IFERROR(VLOOKUP($G32,RAW_tier!$B$2:$C$200,2,0),2)) -> 2 | C32: =IF(ISBLANK(태깅기획site_code!F31),"",태깅기획site_code!C31) -> MENA | D32: =IF(ISBLANK(태깅기획site_code!F31),"",IF(고객법인일정파일!P31="한총","SEC",IF(LEN(TRIM(고객법인일정파일!P31))=0,태깅기획site_code!D31,고객법인일정파일!P31))) -> XADADG | E32: =IF(ISBLANK(태깅기획site_code!F31),"",태깅기획site_code!E31) -> Egypt | F32: =IF(ISBLANK(태깅기획site_code!F31),"",태깅기획site_code!J31) -> Egypt | G32: =IF(ISBLANK(태깅기획site_code!B31),"",태깅기획site_code!F31) -> eg | H32: =IF(ISBLANK(태깅기획site_code!F31),"",IF(고객법인일정파일!Q31="X","X",고객법인일정파일!R31)) -> TBC | I32: =IF(ISBLANK(태깅기획site_code!F31),"",IF(고객법인일정파일!Q31="X","",고객법인일정파일!S31)) -> TBC | K32: TBD | L32: TBD | M32: =IF(D32="","",VLOOKUP(D32,고객법인일정파일!$C$5:$J$200,8,0))&"" -> Note1-test XADUX-CH | N32: {=_xlfn.TEXTJOIN(CHAR(10), 1, _xlfn._xlws.FILTER('RAW_URL,PageName'!D$2:D$999, ('RAW_URL,PageName'!$C$2:$C$999=$G32)*('RAW_URL,PageName'!$B$2:$B$999="TY"), ""))} | O32: {=_xlfn.TEXTJOIN(CHAR(10), 1, _xlfn._xlws.FILTER('RAW_URL,PageName'!E$2:E$999, ('RAW_URL,PageName'!$C$2:$C$999=$G32)*('RAW_URL,PageName'!$B$2:$B$999="TY"), ""))} | P32: {=_xlfn.TEXTJOIN(CHAR(10), 1, _xlfn._xlws.FILTER('RAW_URL,PageName'!F$2:F$999, ('RAW_URL,PageName'!$C$2:$C$999=$G32)*('RAW_URL,PageName'!$B$2:$B$999="TY"), ""))} | Q32: {=_xlfn.TEXTJOIN(CHAR(10), 1, _xlfn._xlws.FILTER('RAW_URL,PageName'!D$2:D$999, ('RAW_URL,PageName'!$C$2:$C$999=$G32)*('RAW_URL,PageName'!$B$2:$B$999="LY"), ""))} | R32: {=_xlfn.TEXTJOIN(CHAR(10), 1, _xlfn._xlws.FILTER('RAW_URL,PageName'!E$2:E$999, ('RAW_URL,PageName'!$C$2:$C$999=$G32)*('RAW_URL,PageName'!$B$2:$B$999="LY"), ""))} | S32: {=_xlfn.TEXTJOIN(CHAR(10), 1, _xlfn._xlws.FILTER('RAW_URL,PageName'!F$2:F$999, ('RAW_URL,PageName'!$C$2:$C$999=$G32)*('RAW_URL,PageName'!$B$2:$B$999="LY"), ""))} | U32: =IFERROR(VLOOKUP($C32,태깅기획site_code!$N$4:$O$18,2,0),"") -> 6 | W32: 2 | X32: MENA | Y32: XADADG | Z32: Egypt | AA32: Egypt | AB32: eg | AC32: TBC | AD32: TBC | AE32: =IF(AD32="","",IF(IF(AD32>api용!D$2,api용!D$2,AD32)<AC32,"",IF(AD32>api용!D$2,api용!D$2,AD32)))
B33: =IF($G33="","",IFERROR(VLOOKUP($G33,RAW_tier!$B$2:$C$200,2,0),2)) -> 2 | C33: =IF(ISBLANK(태깅기획site_code!F32),"",태깅기획site_code!C32) -> EU | D33: =IF(ISBLANK(태깅기획site_code!F32),"",IF(고객법인일정파일!P32="한총","SEC",IF(LEN(TRIM(고객법인일정파일!P32))=0,태깅기획site_code!D32,고객법인일정파일!P32))) -> XADIB-ES | E33: =IF(ISBLANK(태깅기획site_code!F32),"",태깅기획site_code!E32) -> Spain | F33: =IF(ISBLANK(태깅기획site_code!F32),"",태깅기획site_code!J32) -> Spain | G33: =IF(ISBLANK(태깅기획site_code!B32),"",태깅기획site_code!F32) -> es | H33: =IF(ISBLANK(태깅기획site_code!F32),"",IF(고객법인일정파일!Q32="X","X",고객법인일정파일!R32)) -> 46042 | I33: =IF(ISBLANK(태깅기획site_code!F32),"",IF(고객법인일정파일!Q32="X","",고객법인일정파일!S32)) -> 46057 | K33: 45767 | L33: 45780 | M33: =IF(D33="","",VLOOKUP(D33,고객법인일정파일!$C$5:$J$200,8,0))&"" | N33: {=_xlfn.TEXTJOIN(CHAR(10), 1, _xlfn._xlws.FILTER('RAW_URL,PageName'!D$2:D$999, ('RAW_URL,PageName'!$C$2:$C$999=$G33)*('RAW_URL,PageName'!$B$2:$B$999="TY"), ""))} | O33: {=_xlfn.TEXTJOIN(CHAR(10), 1, _xlfn._xlws.FILTER('RAW_URL,PageName'!E$2:E$999, ('RAW_URL,PageName'!$C$2:$C$999=$G33)*('RAW_URL,PageName'!$B$2:$B$999="TY"), ""))} | P33: {=_xlfn.TEXTJOIN(CHAR(10), 1, _xlfn._xlws.FILTER('RAW_URL,PageName'!F$2:F$999, ('RAW_URL,PageName'!$C$2:$C$999=$G33)*('RAW_URL,PageName'!$B$2:$B$999="TY"), ""))} | Q33: {=_xlfn.TEXTJOIN(CHAR(10), 1, _xlfn._xlws.FILTER('RAW_URL,PageName'!D$2:D$999, ('RAW_URL,PageName'!$C$2:$C$999=$G33)*('RAW_URL,PageName'!$B$2:$B$999="LY"), ""))} | R33: {=_xlfn.TEXTJOIN(CHAR(10), 1, _xlfn._xlws.FILTER('RAW_URL,PageName'!E$2:E$999, ('RAW_URL,PageName'!$C$2:$C$999=$G33)*('RAW_URL,PageName'!$B$2:$B$999="LY"), ""))} | S33: {=_xlfn.TEXTJOIN(CHAR(10), 1, _xlfn._xlws.FILTER('RAW_URL,PageName'!F$2:F$999, ('RAW_URL,PageName'!$C$2:$C$999=$G33)*('RAW_URL,PageName'!$B$2:$B$999="LY"), ""))} | U33: =IFERROR(VLOOKUP($C33,태깅기획site_code!$N$4:$O$18,2,0),"") -> 2 | W33: 2 | X33: EU | Y33: XADIB-ES | Z33: Spain | AA33: Spain | AB33: es | AC33: 46042 | AD33: 46057 | AE33: =IF(AD33="","",IF(IF(AD33>api용!D$2,api용!D$2,AD33)<AC33,"",IF(AD33>api용!D$2,api용!D$2,AD33))) -> 46057
B34: =IF($G34="","",IFERROR(VLOOKUP($G34,RAW_tier!$B$2:$C$200,2,0),2)) -> 2 | C34: =IF(ISBLANK(태깅기획site_code!F33),"",태깅기획site_code!C33) -> EU | D34: =IF(ISBLANK(태깅기획site_code!F33),"",IF(고객법인일정파일!P33="한총","SEC",IF(LEN(TRIM(고객법인일정파일!P33))=0,태깅기획site_code!D33,고객법인일정파일!P33))) -> XADNU | E34: =IF(ISBLANK(태깅기획site_code!F33),"",태깅기획site_code!E33) -> Finland | F34: =IF(ISBLANK(태깅기획site_code!F33),"",태깅기획site_code!J33) -> Finland | G34: =IF(ISBLANK(태깅기획site_code!B33),"",태깅기획site_code!F33) -> fi | H34: =IF(ISBLANK(태깅기획site_code!F33),"",IF(고객법인일정파일!Q33="X","X",고객법인일정파일!R33)) -> X | I34: =IF(ISBLANK(태깅기획site_code!F33),"",IF(고객법인일정파일!Q33="X","",고객법인일정파일!S33)) | K34: TBD | L34: TBD | M34: =IF(D34="","",VLOOKUP(D34,고객법인일정파일!$C$5:$J$200,8,0))&"" -> Note1-test XADBN-NL | N34: {=_xlfn.TEXTJOIN(CHAR(10), 1, _xlfn._xlws.FILTER('RAW_URL,PageName'!D$2:D$999, ('RAW_URL,PageName'!$C$2:$C$999=$G34)*('RAW_URL,PageName'!$B$2:$B$999="TY"), ""))} | O34: {=_xlfn.TEXTJOIN(CHAR(10), 1, _xlfn._xlws.FILTER('RAW_URL,PageName'!E$2:E$999, ('RAW_URL,PageName'!$C$2:$C$999=$G34)*('RAW_URL,PageName'!$B$2:$B$999="TY"), ""))} | P34: {=_xlfn.TEXTJOIN(CHAR(10), 1, _xlfn._xlws.FILTER('RAW_URL,PageName'!F$2:F$999, ('RAW_URL,PageName'!$C$2:$C$999=$G34)*('RAW_URL,PageName'!$B$2:$B$999="TY"), ""))} | Q34: {=_xlfn.TEXTJOIN(CHAR(10), 1, _xlfn._xlws.FILTER('RAW_URL,PageName'!D$2:D$999, ('RAW_URL,PageName'!$C$2:$C$999=$G34)*('RAW_URL,PageName'!$B$2:$B$999="LY"), ""))} | R34: {=_xlfn.TEXTJOIN(CHAR(10), 1, _xlfn._xlws.FILTER('RAW_URL,PageName'!E$2:E$999, ('RAW_URL,PageName'!$C$2:$C$999=$G34)*('RAW_URL,PageName'!$B$2:$B$999="LY"), ""))} | S34: {=_xlfn.TEXTJOIN(CHAR(10), 1, _xlfn._xlws.FILTER('RAW_URL,PageName'!F$2:F$999, ('RAW_URL,PageName'!$C$2:$C$999=$G34)*('RAW_URL,PageName'!$B$2:$B$999="LY"), ""))} | U34: =IFERROR(VLOOKUP($C34,태깅기획site_code!$N$4:$O$18,2,0),"") -> 2 | W34: 2 | X34: EU | Y34: XADNU | Z34: Finland | AA34: Finland | AB34: fi | AC34: X | AE34: =IF(AD34="","",IF(IF(AD34>api용!D$2,api용!D$2,AD34)<AC34,"",IF(AD34>api용!D$2,api용!D$2,AD34)))
B35: =IF($G35="","",IFERROR(VLOOKUP($G35,RAW_tier!$B$2:$C$200,2,0),2)) -> 1 | C35: =IF(ISBLANK(태깅기획site_code!F34),"",태깅기획site_code!C34) -> EU | D35: =IF(ISBLANK(태깅기획site_code!F34),"",IF(고객법인일정파일!P34="한총","SEC",IF(LEN(TRIM(고객법인일정파일!P34))=0,태깅기획site_code!D34,고객법인일정파일!P34))) -> XADF | E35: =IF(ISBLANK(태깅기획site_code!F34),"",태깅기획site_code!E34) -> France | F35: =IF(ISBLANK(태깅기획site_code!F34),"",태깅기획site_code!J34) -> France | G35: =IF(ISBLANK(태깅기획site_code!B34),"",태깅기획site_code!F34) -> fr | H35: =IF(ISBLANK(태깅기획site_code!F34),"",IF(고객법인일정파일!Q34="X","X",고객법인일정파일!R34)) -> 46071 | I35: =IF(ISBLANK(태깅기획site_code!F34),"",IF(고객법인일정파일!Q34="X","",고객법인일정파일!S34)) -> 46081 | K35: 45795 | L35: 45808 | M35: =IF(D35="","",VLOOKUP(D35,고객법인일정파일!$C$5:$J$200,8,0))&"" | N35: {=_xlfn.TEXTJOIN(CHAR(10), 1, _xlfn._xlws.FILTER('RAW_URL,PageName'!D$2:D$999, ('RAW_URL,PageName'!$C$2:$C$999=$G35)*('RAW_URL,PageName'!$B$2:$B$999="TY"), ""))} | O35: {=_xlfn.TEXTJOIN(CHAR(10), 1, _xlfn._xlws.FILTER('RAW_URL,PageName'!E$2:E$999, ('RAW_URL,PageName'!$C$2:$C$999=$G35)*('RAW_URL,PageName'!$B$2:$B$999="TY"), ""))} | P35: {=_xlfn.TEXTJOIN(CHAR(10), 1, _xlfn._xlws.FILTER('RAW_URL,PageName'!F$2:F$999, ('RAW_URL,PageName'!$C$2:$C$999=$G35)*('RAW_URL,PageName'!$B$2:$B$999="TY"), ""))} | Q35: {=_xlfn.TEXTJOIN(CHAR(10), 1, _xlfn._xlws.FILTER('RAW_URL,PageName'!D$2:D$999, ('RAW_URL,PageName'!$C$2:$C$999=$G35)*('RAW_URL,PageName'!$B$2:$B$999="LY"), ""))} | R35: {=_xlfn.TEXTJOIN(CHAR(10), 1, _xlfn._xlws.FILTER('RAW_URL,PageName'!E$2:E$999, ('RAW_URL,PageName'!$C$2:$C$999=$G35)*('RAW_URL,PageName'!$B$2:$B$999="LY"), ""))} | S35: {=_xlfn.TEXTJOIN(CHAR(10), 1, _xlfn._xlws.FILTER('RAW_URL,PageName'!F$2:F$999, ('RAW_URL,PageName'!$C$2:$C$999=$G35)*('RAW_URL,PageName'!$B$2:$B$999="LY"), ""))} | U35: =IFERROR(VLOOKUP($C35,태깅기획site_code!$N$4:$O$18,2,0),"") -> 2 | W35: 2 | X35: China | Y35: XADHK | Z35: Hong Kong | AA35: Hong Kong | AB35: hk | AC35: 46054 | AD35: 46064 | AE35: =IF(AD35="","",IF(IF(AD35>api용!D$2,api용!D$2,AD35)<AC35,"",IF(AD35>api용!D$2,api용!D$2,AD35))) -> 46064
B36: =IF($G36="","",IFERROR(VLOOKUP($G36,RAW_tier!$B$2:$C$200,2,0),2)) -> 2 | C36: =IF(ISBLANK(태깅기획site_code!F35),"",태깅기획site_code!C35) -> CIS | D36: =IF(ISBLANK(태깅기획site_code!F35),"",IF(고객법인일정파일!P35="한총","SEC",IF(LEN(TRIM(고객법인일정파일!P35))=0,태깅기획site_code!D35,고객법인일정파일!P35))) -> XADRC | E36: =IF(ISBLANK(태깅기획site_code!F35),"",태깅기획site_code!E35) -> Georgia | F36: =IF(ISBLANK(태깅기획site_code!F35),"",태깅기획site_code!J35) -> Georgia | G36: =IF(ISBLANK(태깅기획site_code!B35),"",태깅기획site_code!F35) -> ge | H36: =IF(ISBLANK(태깅기획site_code!F35),"",IF(고객법인일정파일!Q35="X","X",고객법인일정파일!R35)) | I36: =IF(ISBLANK(태깅기획site_code!F35),"",IF(고객법인일정파일!Q35="X","",고객법인일정파일!S35)) | K36: TBD | L36: TBD | M36: =IF(D36="","",VLOOKUP(D36,고객법인일정파일!$C$5:$J$200,8,0))&"" -> #N/A | N36: {=_xlfn.TEXTJOIN(CHAR(10), 1, _xlfn._xlws.FILTER('RAW_URL,PageName'!D$2:D$999, ('RAW_URL,PageName'!$C$2:$C$999=$G36)*('RAW_URL,PageName'!$B$2:$B$999="TY"), ""))} | O36: {=_xlfn.TEXTJOIN(CHAR(10), 1, _xlfn._xlws.FILTER('RAW_URL,PageName'!E$2:E$999, ('RAW_URL,PageName'!$C$2:$C$999=$G36)*('RAW_URL,PageName'!$B$2:$B$999="TY"), ""))} | P36: {=_xlfn.TEXTJOIN(CHAR(10), 1, _xlfn._xlws.FILTER('RAW_URL,PageName'!F$2:F$999, ('RAW_URL,PageName'!$C$2:$C$999=$G36)*('RAW_URL,PageName'!$B$2:$B$999="TY"), ""))} | Q36: {=_xlfn.TEXTJOIN(CHAR(10), 1, _xlfn._xlws.FILTER('RAW_URL,PageName'!D$2:D$999, ('RAW_URL,PageName'!$C$2:$C$999=$G36)*('RAW_URL,PageName'!$B$2:$B$999="LY"), ""))} | R36: {=_xlfn.TEXTJOIN(CHAR(10), 1, _xlfn._xlws.FILTER('RAW_URL,PageName'!E$2:E$999, ('RAW_URL,PageName'!$C$2:$C$999=$G36)*('RAW_URL,PageName'!$B$2:$B$999="LY"), ""))} | S36: {=_xlfn.TEXTJOIN(CHAR(10), 1, _xlfn._xlws.FILTER('RAW_URL,PageName'!F$2:F$999, ('RAW_URL,PageName'!$C$2:$C$999=$G36)*('RAW_URL,PageName'!$B$2:$B$999="LY"), ""))} | U36: =IFERROR(VLOOKUP($C36,태깅기획site_code!$N$4:$O$18,2,0),"") -> 7 | W36: 2 | X36: EU | Y36: XADUD | Z36: Croatia | AA36: Croatia | AB36: hr | AC36: X | AE36: =IF(AD36="","",IF(IF(AD36>api용!D$2,api용!D$2,AD36)<AC36,"",IF(AD36>api용!D$2,api용!D$2,AD36)))
B37: =IF($G37="","",IFERROR(VLOOKUP($G37,RAW_tier!$B$2:$C$200,2,0),2)) -> 2 | C37: =IF(ISBLANK(태깅기획site_code!F36),"",태깅기획site_code!C36) -> EU | D37: =IF(ISBLANK(태깅기획site_code!F36),"",IF(고객법인일정파일!P36="한총","SEC",IF(LEN(TRIM(고객법인일정파일!P36))=0,태깅기획site_code!D36,고객법인일정파일!P36))) -> XADGR | E37: =IF(ISBLANK(태깅기획site_code!F36),"",태깅기획site_code!E36) -> Greece | F37: =IF(ISBLANK(태깅기획site_code!F36),"",태깅기획site_code!J36) -> Greece | G37: =IF(ISBLANK(태깅기획site_code!B36),"",태깅기획site_code!F36) -> gr | H37: =IF(ISBLANK(태깅기획site_code!F36),"",IF(고객법인일정파일!Q36="X","X",고객법인일정파일!R36)) | I37: =IF(ISBLANK(태깅기획site_code!F36),"",IF(고객법인일정파일!Q36="X","",고객법인일정파일!S36)) | K37: TBD | L37: TBD | M37: =IF(D37="","",VLOOKUP(D37,고객법인일정파일!$C$5:$J$200,8,0))&"" -> #N/A | N37: {=_xlfn.TEXTJOIN(CHAR(10), 1, _xlfn._xlws.FILTER('RAW_URL,PageName'!D$2:D$999, ('RAW_URL,PageName'!$C$2:$C$999=$G37)*('RAW_URL,PageName'!$B$2:$B$999="TY"), ""))} | O37: {=_xlfn.TEXTJOIN(CHAR(10), 1, _xlfn._xlws.FILTER('RAW_URL,PageName'!E$2:E$999, ('RAW_URL,PageName'!$C$2:$C$999=$G37)*('RAW_URL,PageName'!$B$2:$B$999="TY"), ""))} | P37: {=_xlfn.TEXTJOIN(CHAR(10), 1, _xlfn._xlws.FILTER('RAW_URL,PageName'!F$2:F$999, ('RAW_URL,PageName'!$C$2:$C$999=$G37)*('RAW_URL,PageName'!$B$2:$B$999="TY"), ""))} | Q37: {=_xlfn.TEXTJOIN(CHAR(10), 1, _xlfn._xlws.FILTER('RAW_URL,PageName'!D$2:D$999, ('RAW_URL,PageName'!$C$2:$C$999=$G37)*('RAW_URL,PageName'!$B$2:$B$999="LY"), ""))} | R37: {=_xlfn.TEXTJOIN(CHAR(10), 1, _xlfn._xlws.FILTER('RAW_URL,PageName'!E$2:E$999, ('RAW_URL,PageName'!$C$2:$C$999=$G37)*('RAW_URL,PageName'!$B$2:$B$999="LY"), ""))} | S37: {=_xlfn.TEXTJOIN(CHAR(10), 1, _xlfn._xlws.FILTER('RAW_URL,PageName'!F$2:F$999, ('RAW_URL,PageName'!$C$2:$C$999=$G37)*('RAW_URL,PageName'!$B$2:$B$999="LY"), ""))} | U37: =IFERROR(VLOOKUP($C37,태깅기획site_code!$N$4:$O$18,2,0),"") -> 2 | W37: 2 | X37: EU | Y37: XADH | Z37: Hungary | AA37: Hungary | AB37: hu | AC37: 46048 | AD37: 46054 | AE37: =IF(AD37="","",IF(IF(AD37>api용!D$2,api용!D$2,AD37)<AC37,"",IF(AD37>api용!D$2,api용!D$2,AD37))) -> 46054
B38: =IF($G38="","",IFERROR(VLOOKUP($G38,RAW_tier!$B$2:$C$200,2,0),2)) -> 2 | C38: =IF(ISBLANK(태깅기획site_code!F37),"",태깅기획site_code!C37) -> China | D38: =IF(ISBLANK(태깅기획site_code!F37),"",IF(고객법인일정파일!P37="한총","SEC",IF(LEN(TRIM(고객법인일정파일!P37))=0,태깅기획site_code!D37,고객법인일정파일!P37))) -> XADHK | E38: =IF(ISBLANK(태깅기획site_code!F37),"",태깅기획site_code!E37) -> Hong Kong | F38: =IF(ISBLANK(태깅기획site_code!F37),"",태깅기획site_code!J37) -> Hong Kong | G38: =IF(ISBLANK(태깅기획site_code!B37),"",태깅기획site_code!F37) -> hk | H38: =IF(ISBLANK(태깅기획site_code!F37),"",IF(고객법인일정파일!Q37="X","X",고객법인일정파일!R37)) -> 46054 | I38: =IF(ISBLANK(태깅기획site_code!F37),"",IF(고객법인일정파일!Q37="X","",고객법인일정파일!S37)) -> 46064 | K38: 45778 | L38: 45791 | M38: =IF(D38="","",VLOOKUP(D38,고객법인일정파일!$C$5:$J$200,8,0))&"" | N38: {=_xlfn.TEXTJOIN(CHAR(10), 1, _xlfn._xlws.FILTER('RAW_URL,PageName'!D$2:D$999, ('RAW_URL,PageName'!$C$2:$C$999=$G38)*('RAW_URL,PageName'!$B$2:$B$999="TY"), ""))} | O38: {=_xlfn.TEXTJOIN(CHAR(10), 1, _xlfn._xlws.FILTER('RAW_URL,PageName'!E$2:E$999, ('RAW_URL,PageName'!$C$2:$C$999=$G38)*('RAW_URL,PageName'!$B$2:$B$999="TY"), ""))} | P38: {=_xlfn.TEXTJOIN(CHAR(10), 1, _xlfn._xlws.FILTER('RAW_URL,PageName'!F$2:F$999, ('RAW_URL,PageName'!$C$2:$C$999=$G38)*('RAW_URL,PageName'!$B$2:$B$999="TY"), ""))} | Q38: {=_xlfn.TEXTJOIN(CHAR(10), 1, _xlfn._xlws.FILTER('RAW_URL,PageName'!D$2:D$999, ('RAW_URL,PageName'!$C$2:$C$999=$G38)*('RAW_URL,PageName'!$B$2:$B$999="LY"), ""))} | R38: {=_xlfn.TEXTJOIN(CHAR(10), 1, _xlfn._xlws.FILTER('RAW_URL,PageName'!E$2:E$999, ('RAW_URL,PageName'!$C$2:$C$999=$G38)*('RAW_URL,PageName'!$B$2:$B$999="LY"), ""))} | S38: {=_xlfn.TEXTJOIN(CHAR(10), 1, _xlfn._xlws.FILTER('RAW_URL,PageName'!F$2:F$999, ('RAW_URL,PageName'!$C$2:$C$999=$G38)*('RAW_URL,PageName'!$B$2:$B$999="LY"), ""))} | U38: =IFERROR(VLOOKUP($C38,태깅기획site_code!$N$4:$O$18,2,0),"") -> 9 | W38: 2 | X38: EU | Y38: XADUK-IE | Z38: Ireland | AA38: Ireland | AB38: ie | AC38: X | AE38: =IF(AD38="","",IF(IF(AD38>api용!D$2,api용!D$2,AD38)<AC38,"",IF(AD38>api용!D$2,api용!D$2,AD38)))
B39: =IF($G39="","",IFERROR(VLOOKUP($G39,RAW_tier!$B$2:$C$200,2,0),2)) -> 2 | C39: =IF(ISBLANK(태깅기획site_code!F38),"",태깅기획site_code!C38) -> China | D39: =IF(ISBLANK(태깅기획site_code!F38),"",IF(고객법인일정파일!P38="한총","SEC",IF(LEN(TRIM(고객법인일정파일!P38))=0,태깅기획site_code!D38,고객법인일정파일!P38))) -> XADHK | E39: =IF(ISBLANK(태깅기획site_code!F38),"",태깅기획site_code!E38) -> Hong Kong | F39: =IF(ISBLANK(태깅기획site_code!F38),"",태깅기획site_code!J38) -> Hong Kong | G39: =IF(ISBLANK(태깅기획site_code!B38),"",태깅기획site_code!F38) -> hk_en | H39: =IF(ISBLANK(태깅기획site_code!F38),"",IF(고객법인일정파일!Q38="X","X",고객법인일정파일!R38)) -> 46054 | I39: =IF(ISBLANK(태깅기획site_code!F38),"",IF(고객법인일정파일!Q38="X","",고객법인일정파일!S38)) -> 46064 | J39: O | K39: 45778 | L39: 45794 | M39: =IF(D39="","",VLOOKUP(D39,고객법인일정파일!$C$5:$J$200,8,0))&"" | N39: {=_xlfn.TEXTJOIN(CHAR(10), 1, _xlfn._xlws.FILTER('RAW_URL,PageName'!D$2:D$999, ('RAW_URL,PageName'!$C$2:$C$999=$G39)*('RAW_URL,PageName'!$B$2:$B$999="TY"), ""))} | O39: {=_xlfn.TEXTJOIN(CHAR(10), 1, _xlfn._xlws.FILTER('RAW_URL,PageName'!E$2:E$999, ('RAW_URL,PageName'!$C$2:$C$999=$G39)*('RAW_URL,PageName'!$B$2:$B$999="TY"), ""))} | P39: {=_xlfn.TEXTJOIN(CHAR(10), 1, _xlfn._xlws.FILTER('RAW_URL,PageName'!F$2:F$999, ('RAW_URL,PageName'!$C$2:$C$999=$G39)*('RAW_URL,PageName'!$B$2:$B$999="TY"), ""))} | Q39: {=_xlfn.TEXTJOIN(CHAR(10), 1, _xlfn._xlws.FILTER('RAW_URL,PageName'!D$2:D$999, ('RAW_URL,PageName'!$C$2:$C$999=$G39)*('RAW_URL,PageName'!$B$2:$B$999="LY"), ""))} | R39: {=_xlfn.TEXTJOIN(CHAR(10), 1, _xlfn._xlws.FILTER('RAW_URL,PageName'!E$2:E$999, ('RAW_URL,PageName'!$C$2:$C$999=$G39)*('RAW_URL,PageName'!$B$2:$B$999="LY"), ""))} | S39: {=_xlfn.TEXTJOIN(CHAR(10), 1, _xlfn._xlws.FILTER('RAW_URL,PageName'!F$2:F$999, ('RAW_URL,PageName'!$C$2:$C$999=$G39)*('RAW_URL,PageName'!$B$2:$B$999="LY"), ""))} | U39: =IFERROR(VLOOKUP($C39,태깅기획site_code!$N$4:$O$18,2,0),"") -> 9 | W39: 2 | X39: MENA | Y39: XADIL | Z39: Israel | AA39: Israel | AB39: il | AC39: X | AE39: =IF(AD39="","",IF(IF(AD39>api용!D$2,api용!D$2,AD39)<AC39,"",IF(AD39>api용!D$2,api용!D$2,AD39)))
B40: =IF($G40="","",IFERROR(VLOOKUP($G40,RAW_tier!$B$2:$C$200,2,0),2)) -> 2 | C40: =IF(ISBLANK(태깅기획site_code!F39),"",태깅기획site_code!C39) -> EU | D40: =IF(ISBLANK(태깅기획site_code!F39),"",IF(고객법인일정파일!P39="한총","SEC",IF(LEN(TRIM(고객법인일정파일!P39))=0,태깅기획site_code!D39,고객법인일정파일!P39))) -> XADUD | E40: =IF(ISBLANK(태깅기획site_code!F39),"",태깅기획site_code!E39) -> Croatia | F40: =IF(ISBLANK(태깅기획site_code!F39),"",태깅기획site_code!J39) -> Croatia | G40: =IF(ISBLANK(태깅기획site_code!B39),"",태깅기획site_code!F39) -> hr | H40: =IF(ISBLANK(태깅기획site_code!F39),"",IF(고객법인일정파일!Q39="X","X",고객법인일정파일!R39)) -> X | I40: =IF(ISBLANK(태깅기획site_code!F39),"",IF(고객법인일정파일!Q39="X","",고객법인일정파일!S39)) | K40: TBD | L40: TBD | M40: =IF(D40="","",VLOOKUP(D40,고객법인일정파일!$C$5:$J$200,8,0))&"" -> Note1-test XADUX-UT | N40: {=_xlfn.TEXTJOIN(CHAR(10), 1, _xlfn._xlws.FILTER('RAW_URL,PageName'!D$2:D$999, ('RAW_URL,PageName'!$C$2:$C$999=$G40)*('RAW_URL,PageName'!$B$2:$B$999="TY"), ""))} | O40: {=_xlfn.TEXTJOIN(CHAR(10), 1, _xlfn._xlws.FILTER('RAW_URL,PageName'!E$2:E$999, ('RAW_URL,PageName'!$C$2:$C$999=$G40)*('RAW_URL,PageName'!$B$2:$B$999="TY"), ""))} | P40: {=_xlfn.TEXTJOIN(CHAR(10), 1, _xlfn._xlws.FILTER('RAW_URL,PageName'!F$2:F$999, ('RAW_URL,PageName'!$C$2:$C$999=$G40)*('RAW_URL,PageName'!$B$2:$B$999="TY"), ""))} | Q40: {=_xlfn.TEXTJOIN(CHAR(10), 1, _xlfn._xlws.FILTER('RAW_URL,PageName'!D$2:D$999, ('RAW_URL,PageName'!$C$2:$C$999=$G40)*('RAW_URL,PageName'!$B$2:$B$999="LY"), ""))} | R40: {=_xlfn.TEXTJOIN(CHAR(10), 1, _xlfn._xlws.FILTER('RAW_URL,PageName'!E$2:E$999, ('RAW_URL,PageName'!$C$2:$C$999=$G40)*('RAW_URL,PageName'!$B$2:$B$999="LY"), ""))} | S40: {=_xlfn.TEXTJOIN(CHAR(10), 1, _xlfn._xlws.FILTER('RAW_URL,PageName'!F$2:F$999, ('RAW_URL,PageName'!$C$2:$C$999=$G40)*('RAW_URL,PageName'!$B$2:$B$999="LY"), ""))} | U40: =IFERROR(VLOOKUP($C40,태깅기획site_code!$N$4:$O$18,2,0),"") -> 2 | W40: 2 | X40: S.W.Asia | Y40: XIADL | Z40: India | AA40: India | AB40: in | AC40: 46038 | AD40: 46044 | AE40: =IF(AD40="","",IF(IF(AD40>api용!D$2,api용!D$2,AD40)<AC40,"",IF(AD40>api용!D$2,api용!D$2,AD40))) -> 46044
B41: =IF($G41="","",IFERROR(VLOOKUP($G41,RAW_tier!$B$2:$C$200,2,0),2)) -> 2 | C41: =IF(ISBLANK(태깅기획site_code!F40),"",태깅기획site_code!C40) -> EU | D41: =IF(ISBLANK(태깅기획site_code!F40),"",IF(고객법인일정파일!P40="한총","SEC",IF(LEN(TRIM(고객법인일정파일!P40))=0,태깅기획site_code!D40,고객법인일정파일!P40))) -> XADH | E41: =IF(ISBLANK(태깅기획site_code!F40),"",태깅기획site_code!E40) -> Hungary | F41: =IF(ISBLANK(태깅기획site_code!F40),"",태깅기획site_code!J40) -> Hungary | G41: =IF(ISBLANK(태깅기획site_code!B40),"",태깅기획site_code!F40) -> hu | H41: =IF(ISBLANK(태깅기획site_code!F40),"",IF(고객법인일정파일!Q40="X","X",고객법인일정파일!R40)) -> 46048 | I41: =IF(ISBLANK(태깅기획site_code!F40),"",IF(고객법인일정파일!Q40="X","",고객법인일정파일!S40)) -> 46054 | K41: 45774 | L41: 45781 | M41: =IF(D41="","",VLOOKUP(D41,고객법인일정파일!$C$5:$J$200,8,0))&"" | N41: {=_xlfn.TEXTJOIN(CHAR(10), 1, _xlfn._xlws.FILTER('RAW_URL,PageName'!D$2:D$999, ('RAW_URL,PageName'!$C$2:$C$999=$G41)*('RAW_URL,PageName'!$B$2:$B$999="TY"), ""))} | O41: {=_xlfn.TEXTJOIN(CHAR(10), 1, _xlfn._xlws.FILTER('RAW_URL,PageName'!E$2:E$999, ('RAW_URL,PageName'!$C$2:$C$999=$G41)*('RAW_URL,PageName'!$B$2:$B$999="TY"), ""))} | P41: {=_xlfn.TEXTJOIN(CHAR(10), 1, _xlfn._xlws.FILTER('RAW_URL,PageName'!F$2:F$999, ('RAW_URL,PageName'!$C$2:$C$999=$G41)*('RAW_URL,PageName'!$B$2:$B$999="TY"), ""))} | Q41: {=_xlfn.TEXTJOIN(CHAR(10), 1, _xlfn._xlws.FILTER('RAW_URL,PageName'!D$2:D$999, ('RAW_URL,PageName'!$C$2:$C$999=$G41)*('RAW_URL,PageName'!$B$2:$B$999="LY"), ""))} | R41: {=_xlfn.TEXTJOIN(CHAR(10), 1, _xlfn._xlws.FILTER('RAW_URL,PageName'!E$2:E$999, ('RAW_URL,PageName'!$C$2:$C$999=$G41)*('RAW_URL,PageName'!$B$2:$B$999="LY"), ""))} | S41: {=_xlfn.TEXTJOIN(CHAR(10), 1, _xlfn._xlws.FILTER('RAW_URL,PageName'!F$2:F$999, ('RAW_URL,PageName'!$C$2:$C$999=$G41)*('RAW_URL,PageName'!$B$2:$B$999="LY"), ""))} | U41: =IFERROR(VLOOKUP($C41,태깅기획site_code!$N$4:$O$18,2,0),"") -> 2 | W41: 2 | X41: MENA | Y41: XADLV | Z41: Iraq | AA41: Iraq | AB41: iq_ar | AC41: TBC | AD41: TBC | AE41: =IF(AD41="","",IF(IF(AD41>api용!D$2,api용!D$2,AD41)<AC41,"",IF(AD41>api용!D$2,api용!D$2,AD41)))
B42: =IF($G42="","",IFERROR(VLOOKUP($G42,RAW_tier!$B$2:$C$200,2,0),2)) -> 2 | C42: =IF(ISBLANK(태깅기획site_code!F41),"",태깅기획site_code!C41) -> S.E.Asia | D42: =IF(ISBLANK(태깅기획site_code!F41),"",IF(고객법인일정파일!P41="한총","SEC",IF(LEN(TRIM(고객법인일정파일!P41))=0,태깅기획site_code!D41,고객법인일정파일!P41))) -> XADIN | E42: =IF(ISBLANK(태깅기획site_code!F41),"",태깅기획site_code!E41) -> Indonesia | F42: =IF(ISBLANK(태깅기획site_code!F41),"",태깅기획site_code!J41) -> Indonesia | G42: =IF(ISBLANK(태깅기획site_code!B41),"",태깅기획site_code!F41) -> id | H42: =IF(ISBLANK(태깅기획site_code!F41),"",IF(고객법인일정파일!Q41="X","X",고객법인일정파일!R41)) | I42: =IF(ISBLANK(태깅기획site_code!F41),"",IF(고객법인일정파일!Q41="X","",고객법인일정파일!S41)) | K42: TBD | L42: TBD | M42: =IF(D42="","",VLOOKUP(D42,고객법인일정파일!$C$5:$J$200,8,0))&"" -> Note1-test XADTK | N42: {=_xlfn.TEXTJOIN(CHAR(10), 1, _xlfn._xlws.FILTER('RAW_URL,PageName'!D$2:D$999, ('RAW_URL,PageName'!$C$2:$C$999=$G42)*('RAW_URL,PageName'!$B$2:$B$999="TY"), ""))} | O42: {=_xlfn.TEXTJOIN(CHAR(10), 1, _xlfn._xlws.FILTER('RAW_URL,PageName'!E$2:E$999, ('RAW_URL,PageName'!$C$2:$C$999=$G42)*('RAW_URL,PageName'!$B$2:$B$999="TY"), ""))} | P42: {=_xlfn.TEXTJOIN(CHAR(10), 1, _xlfn._xlws.FILTER('RAW_URL,PageName'!F$2:F$999, ('RAW_URL,PageName'!$C$2:$C$999=$G42)*('RAW_URL,PageName'!$B$2:$B$999="TY"), ""))} | Q42: {=_xlfn.TEXTJOIN(CHAR(10), 1, _xlfn._xlws.FILTER('RAW_URL,PageName'!D$2:D$999, ('RAW_URL,PageName'!$C$2:$C$999=$G42)*('RAW_URL,PageName'!$B$2:$B$999="LY"), ""))} | R42: {=_xlfn.TEXTJOIN(CHAR(10), 1, _xlfn._xlws.FILTER('RAW_URL,PageName'!E$2:E$999, ('RAW_URL,PageName'!$C$2:$C$999=$G42)*('RAW_URL,PageName'!$B$2:$B$999="LY"), ""))} | S42: {=_xlfn.TEXTJOIN(CHAR(10), 1, _xlfn._xlws.FILTER('RAW_URL,PageName'!F$2:F$999, ('RAW_URL,PageName'!$C$2:$C$999=$G42)*('RAW_URL,PageName'!$B$2:$B$999="LY"), ""))} | U42: =IFERROR(VLOOKUP($C42,태깅기획site_code!$N$4:$O$18,2,0),"") -> 4 | W42: 2 | X42: MENA | Y42: XADLV | Z42: Iraq | AA42: Kurdistan | AB42: iq_ku | AC42: TBC | AD42: TBC | AE42: =IF(AD42="","",IF(IF(AD42>api용!D$2,api용!D$2,AD42)<AC42,"",IF(AD42>api용!D$2,api용!D$2,AD42)))
B43: =IF($G43="","",IFERROR(VLOOKUP($G43,RAW_tier!$B$2:$C$200,2,0),2)) -> 2 | C43: =IF(ISBLANK(태깅기획site_code!F42),"",태깅기획site_code!C42) -> EU | D43: =IF(ISBLANK(태깅기획site_code!F42),"",IF(고객법인일정파일!P42="한총","SEC",IF(LEN(TRIM(고객법인일정파일!P42))=0,태깅기획site_code!D42,고객법인일정파일!P42))) -> XADUK-IE | E43: =IF(ISBLANK(태깅기획site_code!F42),"",태깅기획site_code!E42) -> Ireland | F43: =IF(ISBLANK(태깅기획site_code!F42),"",태깅기획site_code!J42) -> Ireland | G43: =IF(ISBLANK(태깅기획site_code!B42),"",태깅기획site_code!F42) -> ie | H43: =IF(ISBLANK(태깅기획site_code!F42),"",IF(고객법인일정파일!Q42="X","X",고객법인일정파일!R42)) -> X | I43: =IF(ISBLANK(태깅기획site_code!F42),"",IF(고객법인일정파일!Q42="X","",고객법인일정파일!S42)) | K43: TBD | L43: TBD | M43: =IF(D43="","",VLOOKUP(D43,고객법인일정파일!$C$5:$J$200,8,0))&"" | N43: {=_xlfn.TEXTJOIN(CHAR(10), 1, _xlfn._xlws.FILTER('RAW_URL,PageName'!D$2:D$999, ('RAW_URL,PageName'!$C$2:$C$999=$G43)*('RAW_URL,PageName'!$B$2:$B$999="TY"), ""))} | O43: {=_xlfn.TEXTJOIN(CHAR(10), 1, _xlfn._xlws.FILTER('RAW_URL,PageName'!E$2:E$999, ('RAW_URL,PageName'!$C$2:$C$999=$G43)*('RAW_URL,PageName'!$B$2:$B$999="TY"), ""))} | P43: {=_xlfn.TEXTJOIN(CHAR(10), 1, _xlfn._xlws.FILTER('RAW_URL,PageName'!F$2:F$999, ('RAW_URL,PageName'!$C$2:$C$999=$G43)*('RAW_URL,PageName'!$B$2:$B$999="TY"), ""))} | Q43: {=_xlfn.TEXTJOIN(CHAR(10), 1, _xlfn._xlws.FILTER('RAW_URL,PageName'!D$2:D$999, ('RAW_URL,PageName'!$C$2:$C$999=$G43)*('RAW_URL,PageName'!$B$2:$B$999="LY"), ""))} | R43: {=_xlfn.TEXTJOIN(CHAR(10), 1, _xlfn._xlws.FILTER('RAW_URL,PageName'!E$2:E$999, ('RAW_URL,PageName'!$C$2:$C$999=$G43)*('RAW_URL,PageName'!$B$2:$B$999="LY"), ""))} | S43: {=_xlfn.TEXTJOIN(CHAR(10), 1, _xlfn._xlws.FILTER('RAW_URL,PageName'!F$2:F$999, ('RAW_URL,PageName'!$C$2:$C$999=$G43)*('RAW_URL,PageName'!$B$2:$B$999="LY"), ""))} | U43: =IFERROR(VLOOKUP($C43,태깅기획site_code!$N$4:$O$18,2,0),"") -> 2 | W43: 2 | X43: EU | Y43: XADI | Z43: Italy | AA43: Italy | AB43: it | AC43: 46050 | AD43: 46064 | AE43: =IF(AD43="","",IF(IF(AD43>api용!D$2,api용!D$2,AD43)<AC43,"",IF(AD43>api용!D$2,api용!D$2,AD43))) -> 46064
B44: =IF($G44="","",IFERROR(VLOOKUP($G44,RAW_tier!$B$2:$C$200,2,0),2)) -> 2 | C44: =IF(ISBLANK(태깅기획site_code!F43),"",태깅기획site_code!C43) -> MENA | D44: =IF(ISBLANK(태깅기획site_code!F43),"",IF(고객법인일정파일!P43="한총","SEC",IF(LEN(TRIM(고객법인일정파일!P43))=0,태깅기획site_code!D43,고객법인일정파일!P43))) -> XADIL | E44: =IF(ISBLANK(태깅기획site_code!F43),"",태깅기획site_code!E43) -> Israel | F44: =IF(ISBLANK(태깅기획site_code!F43),"",태깅기획site_code!J43) -> Israel | G44: =IF(ISBLANK(태깅기획site_code!B43),"",태깅기획site_code!F43) -> il | H44: =IF(ISBLANK(태깅기획site_code!F43),"",IF(고객법인일정파일!Q43="X","X",고객법인일정파일!R43)) -> X | I44: =IF(ISBLANK(태깅기획site_code!F43),"",IF(고객법인일정파일!Q43="X","",고객법인일정파일!S43)) | K44: TBD | L44: TBD | M44: =IF(D44="","",VLOOKUP(D44,고객법인일정파일!$C$5:$J$200,8,0))&"" | N44: {=_xlfn.TEXTJOIN(CHAR(10), 1, _xlfn._xlws.FILTER('RAW_URL,PageName'!D$2:D$999, ('RAW_URL,PageName'!$C$2:$C$999=$G44)*('RAW_URL,PageName'!$B$2:$B$999="TY"), ""))} | O44: {=_xlfn.TEXTJOIN(CHAR(10), 1, _xlfn._xlws.FILTER('RAW_URL,PageName'!E$2:E$999, ('RAW_URL,PageName'!$C$2:$C$999=$G44)*('RAW_URL,PageName'!$B$2:$B$999="TY"), ""))} | P44: {=_xlfn.TEXTJOIN(CHAR(10), 1, _xlfn._xlws.FILTER('RAW_URL,PageName'!F$2:F$999, ('RAW_URL,PageName'!$C$2:$C$999=$G44)*('RAW_URL,PageName'!$B$2:$B$999="TY"), ""))} | Q44: {=_xlfn.TEXTJOIN(CHAR(10), 1, _xlfn._xlws.FILTER('RAW_URL,PageName'!D$2:D$999, ('RAW_URL,PageName'!$C$2:$C$999=$G44)*('RAW_URL,PageName'!$B$2:$B$999="LY"), ""))} | R44: {=_xlfn.TEXTJOIN(CHAR(10), 1, _xlfn._xlws.FILTER('RAW_URL,PageName'!E$2:E$999, ('RAW_URL,PageName'!$C$2:$C$999=$G44)*('RAW_URL,PageName'!$B$2:$B$999="LY"), ""))} | S44: {=_xlfn.TEXTJOIN(CHAR(10), 1, _xlfn._xlws.FILTER('RAW_URL,PageName'!F$2:F$999, ('RAW_URL,PageName'!$C$2:$C$999=$G44)*('RAW_URL,PageName'!$B$2:$B$999="LY"), ""))} | U44: =IFERROR(VLOOKUP($C44,태깅기획site_code!$N$4:$O$18,2,0),"") -> 6 | W44: 2 | X44: CIS | Y44: XADCAD | Z44: Kazakhstan | AA44: Kazakhstan (Kazakh) | AB44: kz_kz | AC44: 46054 | AD44: 46064 | AE44: =IF(AD44="","",IF(IF(AD44>api용!D$2,api용!D$2,AD44)<AC44,"",IF(AD44>api용!D$2,api용!D$2,AD44))) -> 46064
B45: =IF($G45="","",IFERROR(VLOOKUP($G45,RAW_tier!$B$2:$C$200,2,0),2)) -> 2 | C45: =IF(ISBLANK(태깅기획site_code!F44),"",태깅기획site_code!C44) -> S.W.Asia | D45: =IF(ISBLANK(태깅기획site_code!F44),"",IF(고객법인일정파일!P44="한총","SEC",IF(LEN(TRIM(고객법인일정파일!P44))=0,태깅기획site_code!D44,고객법인일정파일!P44))) -> XIADL | E45: =IF(ISBLANK(태깅기획site_code!F44),"",태깅기획site_code!E44) -> India | F45: =IF(ISBLANK(태깅기획site_code!F44),"",태깅기획site_code!J44) -> India | G45: =IF(ISBLANK(태깅기획site_code!B44),"",태깅기획site_code!F44) -> in | H45: =IF(ISBLANK(태깅기획site_code!F44),"",IF(고객법인일정파일!Q44="X","X",고객법인일정파일!R44)) -> 46038 | I45: =IF(ISBLANK(태깅기획site_code!F44),"",IF(고객법인일정파일!Q44="X","",고객법인일정파일!S44)) -> 46044 | K45: 45764 | L45: 45772 | M45: =IF(D45="","",VLOOKUP(D45,고객법인일정파일!$C$5:$J$200,8,0))&"" | N45: {=_xlfn.TEXTJOIN(CHAR(10), 1, _xlfn._xlws.FILTER('RAW_URL,PageName'!D$2:D$999, ('RAW_URL,PageName'!$C$2:$C$999=$G45)*('RAW_URL,PageName'!$B$2:$B$999="TY"), ""))} | O45: {=_xlfn.TEXTJOIN(CHAR(10), 1, _xlfn._xlws.FILTER('RAW_URL,PageName'!E$2:E$999, ('RAW_URL,PageName'!$C$2:$C$999=$G45)*('RAW_URL,PageName'!$B$2:$B$999="TY"), ""))} | P45: {=_xlfn.TEXTJOIN(CHAR(10), 1, _xlfn._xlws.FILTER('RAW_URL,PageName'!F$2:F$999, ('RAW_URL,PageName'!$C$2:$C$999=$G45)*('RAW_URL,PageName'!$B$2:$B$999="TY"), ""))} | Q45: {=_xlfn.TEXTJOIN(CHAR(10), 1, _xlfn._xlws.FILTER('RAW_URL,PageName'!D$2:D$999, ('RAW_URL,PageName'!$C$2:$C$999=$G45)*('RAW_URL,PageName'!$B$2:$B$999="LY"), ""))} | R45: {=_xlfn.TEXTJOIN(CHAR(10), 1, _xlfn._xlws.FILTER('RAW_URL,PageName'!E$2:E$999, ('RAW_URL,PageName'!$C$2:$C$999=$G45)*('RAW_URL,PageName'!$B$2:$B$999="LY"), ""))} | S45: {=_xlfn.TEXTJOIN(CHAR(10), 1, _xlfn._xlws.FILTER('RAW_URL,PageName'!F$2:F$999, ('RAW_URL,PageName'!$C$2:$C$999=$G45)*('RAW_URL,PageName'!$B$2:$B$999="LY"), ""))} | U45: =IFERROR(VLOOKUP($C45,태깅기획site_code!$N$4:$O$18,2,0),"") -> 5 | W45: 2 | X45: CIS | Y45: XADCAD | Z45: Kazakhstan | AA45: Kazakhstan | AB45: kz_ru | AC45: 46054 | AD45: 46064 | AE45: =IF(AD45="","",IF(IF(AD45>api용!D$2,api용!D$2,AD45)<AC45,"",IF(AD45>api용!D$2,api용!D$2,AD45))) -> 46064
B46: =IF($G46="","",IFERROR(VLOOKUP($G46,RAW_tier!$B$2:$C$200,2,0),2)) -> 2 | C46: =IF(ISBLANK(태깅기획site_code!F45),"",태깅기획site_code!C45) -> MENA | D46: =IF(ISBLANK(태깅기획site_code!F45),"",IF(고객법인일정파일!P45="한총","SEC",IF(LEN(TRIM(고객법인일정파일!P45))=0,태깅기획site_code!D45,고객법인일정파일!P45))) -> XADLV | E46: =IF(ISBLANK(태깅기획site_code!F45),"",태깅기획site_code!E45) -> Iraq | F46: =IF(ISBLANK(태깅기획site_code!F45),"",태깅기획site_code!J45) -> Iraq | G46: =IF(ISBLANK(태깅기획site_code!B45),"",태깅기획site_code!F45) -> iq_ar | H46: =IF(ISBLANK(태깅기획site_code!F45),"",IF(고객법인일정파일!Q45="X","X",고객법인일정파일!R45)) -> TBC | I46: =IF(ISBLANK(태깅기획site_code!F45),"",IF(고객법인일정파일!Q45="X","",고객법인일정파일!S45)) -> TBC | K46: TBD | L46: TBD | M46: =IF(D46="","",VLOOKUP(D46,고객법인일정파일!$C$5:$J$200,8,0))&"" -> Note1-test XADPOL | N46: {=_xlfn.TEXTJOIN(CHAR(10), 1, _xlfn._xlws.FILTER('RAW_URL,PageName'!D$2:D$999, ('RAW_URL,PageName'!$C$2:$C$999=$G46)*('RAW_URL,PageName'!$B$2:$B$999="TY"), ""))} | O46: {=_xlfn.TEXTJOIN(CHAR(10), 1, _xlfn._xlws.FILTER('RAW_URL,PageName'!E$2:E$999, ('RAW_URL,PageName'!$C$2:$C$999=$G46)*('RAW_URL,PageName'!$B$2:$B$999="TY"), ""))} | P46: {=_xlfn.TEXTJOIN(CHAR(10), 1, _xlfn._xlws.FILTER('RAW_URL,PageName'!F$2:F$999, ('RAW_URL,PageName'!$C$2:$C$999=$G46)*('RAW_URL,PageName'!$B$2:$B$999="TY"), ""))} | Q46: {=_xlfn.TEXTJOIN(CHAR(10), 1, _xlfn._xlws.FILTER('RAW_URL,PageName'!D$2:D$999, ('RAW_URL,PageName'!$C$2:$C$999=$G46)*('RAW_URL,PageName'!$B$2:$B$999="LY"), ""))} | R46: {=_xlfn.TEXTJOIN(CHAR(10), 1, _xlfn._xlws.FILTER('RAW_URL,PageName'!E$2:E$999, ('RAW_URL,PageName'!$C$2:$C$999=$G46)*('RAW_URL,PageName'!$B$2:$B$999="LY"), ""))} | S46: {=_xlfn.TEXTJOIN(CHAR(10), 1, _xlfn._xlws.FILTER('RAW_URL,PageName'!F$2:F$999, ('RAW_URL,PageName'!$C$2:$C$999=$G46)*('RAW_URL,PageName'!$B$2:$B$999="LY"), ""))} | U46: =IFERROR(VLOOKUP($C46,태깅기획site_code!$N$4:$O$18,2,0),"") -> 6 | W46: 2 | X46: L.America | Y46: XADLU | Z46: Panama | AA46: Panama (Spanish) | AB46: latin | AC46: 46042 | AD46: 46063 | AE46: =IF(AD46="","",IF(IF(AD46>api용!D$2,api용!D$2,AD46)<AC46,"",IF(AD46>api용!D$2,api용!D$2,AD46))) -> 46063
B47: =IF($G47="","",IFERROR(VLOOKUP($G47,RAW_tier!$B$2:$C$200,2,0),2)) -> 2 | C47: =IF(ISBLANK(태깅기획site_code!F46),"",태깅기획site_code!C46) -> MENA | D47: =IF(ISBLANK(태깅기획site_code!F46),"",IF(고객법인일정파일!P46="한총","SEC",IF(LEN(TRIM(고객법인일정파일!P46))=0,태깅기획site_code!D46,고객법인일정파일!P46))) -> XADLV | E47: =IF(ISBLANK(태깅기획site_code!F46),"",태깅기획site_code!E46) -> Iraq | F47: =IF(ISBLANK(태깅기획site_code!F46),"",태깅기획site_code!J46) -> Kurdistan | G47: =IF(ISBLANK(태깅기획site_code!B46),"",태깅기획site_code!F46) -> iq_ku | H47: =IF(ISBLANK(태깅기획site_code!F46),"",IF(고객법인일정파일!Q46="X","X",고객법인일정파일!R46)) -> TBC | I47: =IF(ISBLANK(태깅기획site_code!F46),"",IF(고객법인일정파일!Q46="X","",고객법인일정파일!S46)) -> TBC | K47: TBD | L47: TBD | M47: =IF(D47="","",VLOOKUP(D47,고객법인일정파일!$C$5:$J$200,8,0))&"" -> Note1-test XADPOL | N47: {=_xlfn.TEXTJOIN(CHAR(10), 1, _xlfn._xlws.FILTER('RAW_URL,PageName'!D$2:D$999, ('RAW_URL,PageName'!$C$2:$C$999=$G47)*('RAW_URL,PageName'!$B$2:$B$999="TY"), ""))} | O47: {=_xlfn.TEXTJOIN(CHAR(10), 1, _xlfn._xlws.FILTER('RAW_URL,PageName'!E$2:E$999, ('RAW_URL,PageName'!$C$2:$C$999=$G47)*('RAW_URL,PageName'!$B$2:$B$999="TY"), ""))} | P47: {=_xlfn.TEXTJOIN(CHAR(10), 1, _xlfn._xlws.FILTER('RAW_URL,PageName'!F$2:F$999, ('RAW_URL,PageName'!$C$2:$C$999=$G47)*('RAW_URL,PageName'!$B$2:$B$999="TY"), ""))} | Q47: {=_xlfn.TEXTJOIN(CHAR(10), 1, _xlfn._xlws.FILTER('RAW_URL,PageName'!D$2:D$999, ('RAW_URL,PageName'!$C$2:$C$999=$G47)*('RAW_URL,PageName'!$B$2:$B$999="LY"), ""))} | R47: {=_xlfn.TEXTJOIN(CHAR(10), 1, _xlfn._xlws.FILTER('RAW_URL,PageName'!E$2:E$999, ('RAW_URL,PageName'!$C$2:$C$999=$G47)*('RAW_URL,PageName'!$B$2:$B$999="LY"), ""))} | S47: {=_xlfn.TEXTJOIN(CHAR(10), 1, _xlfn._xlws.FILTER('RAW_URL,PageName'!F$2:F$999, ('RAW_URL,PageName'!$C$2:$C$999=$G47)*('RAW_URL,PageName'!$B$2:$B$999="LY"), ""))} | U47: =IFERROR(VLOOKUP($C47,태깅기획site_code!$N$4:$O$18,2,0),"") -> 6 | W47: 2 | X47: L.America | Y47: XADLU | Z47: Panama | AA47: Panama (English) | AB47: latin_en | AC47: 46042 | AD47: 46063 | AE47: =IF(AD47="","",IF(IF(AD47>api용!D$2,api용!D$2,AD47)<AC47,"",IF(AD47>api용!D$2,api용!D$2,AD47))) -> 46063
B48: =IF($G48="","",IFERROR(VLOOKUP($G48,RAW_tier!$B$2:$C$200,2,0),2)) -> 2 | C48: =IF(ISBLANK(태깅기획site_code!F47),"",태깅기획site_code!C47) -> MENA | D48: =IF(ISBLANK(태깅기획site_code!F47),"",IF(고객법인일정파일!P47="한총","SEC",IF(LEN(TRIM(고객법인일정파일!P47))=0,태깅기획site_code!D47,고객법인일정파일!P47))) -> IrUn | E48: =IF(ISBLANK(태깅기획site_code!F47),"",태깅기획site_code!E47) -> iran | F48: =IF(ISBLANK(태깅기획site_code!F47),"",태깅기획site_code!J47) -> Iran | G48: =IF(ISBLANK(태깅기획site_code!B47),"",태깅기획site_code!F47) -> iran | H48: =IF(ISBLANK(태깅기획site_code!F47),"",IF(고객법인일정파일!Q47="X","X",고객법인일정파일!R47)) | I48: =IF(ISBLANK(태깅기획site_code!F47),"",IF(고객법인일정파일!Q47="X","",고객법인일정파일!S47)) | K48: TBD | L48: TBD | M48: =IF(D48="","",VLOOKUP(D48,고객법인일정파일!$C$5:$J$200,8,0))&"" -> #N/A | N48: {=_xlfn.TEXTJOIN(CHAR(10), 1, _xlfn._xlws.FILTER('RAW_URL,PageName'!D$2:D$999, ('RAW_URL,PageName'!$C$2:$C$999=$G48)*('RAW_URL,PageName'!$B$2:$B$999="TY"), ""))} | O48: {=_xlfn.TEXTJOIN(CHAR(10), 1, _xlfn._xlws.FILTER('RAW_URL,PageName'!E$2:E$999, ('RAW_URL,PageName'!$C$2:$C$999=$G48)*('RAW_URL,PageName'!$B$2:$B$999="TY"), ""))} | P48: {=_xlfn.TEXTJOIN(CHAR(10), 1, _xlfn._xlws.FILTER('RAW_URL,PageName'!F$2:F$999, ('RAW_URL,PageName'!$C$2:$C$999=$G48)*('RAW_URL,PageName'!$B$2:$B$999="TY"), ""))} | Q48: {=_xlfn.TEXTJOIN(CHAR(10), 1, _xlfn._xlws.FILTER('RAW_URL,PageName'!D$2:D$999, ('RAW_URL,PageName'!$C$2:$C$999=$G48)*('RAW_URL,PageName'!$B$2:$B$999="LY"), ""))} | R48: {=_xlfn.TEXTJOIN(CHAR(10), 1, _xlfn._xlws.FILTER('RAW_URL,PageName'!E$2:E$999, ('RAW_URL,PageName'!$C$2:$C$999=$G48)*('RAW_URL,PageName'!$B$2:$B$999="LY"), ""))} | S48: {=_xlfn.TEXTJOIN(CHAR(10), 1, _xlfn._xlws.FILTER('RAW_URL,PageName'!F$2:F$999, ('RAW_URL,PageName'!$C$2:$C$999=$G48)*('RAW_URL,PageName'!$B$2:$B$999="LY"), ""))} | U48: =IFERROR(VLOOKUP($C48,태깅기획site_code!$N$4:$O$18,2,0),"") -> 6 | W48: 2 | X48: MENA | Y48: XADLV | Z48: Lebanon | AA48: Lebanon | AB48: lb | AC48: TBC | AD48: TBC | AE48: =IF(AD48="","",IF(IF(AD48>api용!D$2,api용!D$2,AD48)<AC48,"",IF(AD48>api용!D$2,api용!D$2,AD48)))
B49: =IF($G49="","",IFERROR(VLOOKUP($G49,RAW_tier!$B$2:$C$200,2,0),2)) -> 2 | C49: =IF(ISBLANK(태깅기획site_code!F48),"",태깅기획site_code!C48) -> EU | D49: =IF(ISBLANK(태깅기획site_code!F48),"",IF(고객법인일정파일!P48="한총","SEC",IF(LEN(TRIM(고객법인일정파일!P48))=0,태깅기획site_code!D48,고객법인일정파일!P48))) -> XADI | E49: =IF(ISBLANK(태깅기획site_code!F48),"",태깅기획site_code!E48) -> Italy | F49: =IF(ISBLANK(태깅기획site_code!F48),"",태깅기획site_code!J48) -> Italy | G49: =IF(ISBLANK(태깅기획site_code!B48),"",태깅기획site_code!F48) -> it | H49: =IF(ISBLANK(태깅기획site_code!F48),"",IF(고객법인일정파일!Q48="X","X",고객법인일정파일!R48)) -> 46050 | I49: =IF(ISBLANK(태깅기획site_code!F48),"",IF(고객법인일정파일!Q48="X","",고객법인일정파일!S48)) -> 46064 | K49: 45775 | L49: 45788 | M49: =IF(D49="","",VLOOKUP(D49,고객법인일정파일!$C$5:$J$200,8,0))&"" | N49: {=_xlfn.TEXTJOIN(CHAR(10), 1, _xlfn._xlws.FILTER('RAW_URL,PageName'!D$2:D$999, ('RAW_URL,PageName'!$C$2:$C$999=$G49)*('RAW_URL,PageName'!$B$2:$B$999="TY"), ""))} | O49: {=_xlfn.TEXTJOIN(CHAR(10), 1, _xlfn._xlws.FILTER('RAW_URL,PageName'!E$2:E$999, ('RAW_URL,PageName'!$C$2:$C$999=$G49)*('RAW_URL,PageName'!$B$2:$B$999="TY"), ""))} | P49: {=_xlfn.TEXTJOIN(CHAR(10), 1, _xlfn._xlws.FILTER('RAW_URL,PageName'!F$2:F$999, ('RAW_URL,PageName'!$C$2:$C$999=$G49)*('RAW_URL,PageName'!$B$2:$B$999="TY"), ""))} | Q49: {=_xlfn.TEXTJOIN(CHAR(10), 1, _xlfn._xlws.FILTER('RAW_URL,PageName'!D$2:D$999, ('RAW_URL,PageName'!$C$2:$C$999=$G49)*('RAW_URL,PageName'!$B$2:$B$999="LY"), ""))} | R49: {=_xlfn.TEXTJOIN(CHAR(10), 1, _xlfn._xlws.FILTER('RAW_URL,PageName'!E$2:E$999, ('RAW_URL,PageName'!$C$2:$C$999=$G49)*('RAW_URL,PageName'!$B$2:$B$999="LY"), ""))} | S49: {=_xlfn.TEXTJOIN(CHAR(10), 1, _xlfn._xlws.FILTER('RAW_URL,PageName'!F$2:F$999, ('RAW_URL,PageName'!$C$2:$C$999=$G49)*('RAW_URL,PageName'!$B$2:$B$999="LY"), ""))} | U49: =IFERROR(VLOOKUP($C49,태깅기획site_code!$N$4:$O$18,2,0),"") -> 2 | W49: 2 | X49: MENA | Y49: XADLV | Z49: Jordan | AA49: LEVANT | AB49: levant | AC49: TBC | AD49: TBC | AE49: =IF(AD49="","",IF(IF(AD49>api용!D$2,api용!D$2,AD49)<AC49,"",IF(AD49>api용!D$2,api용!D$2,AD49)))
B50: =IF($G50="","",IFERROR(VLOOKUP($G50,RAW_tier!$B$2:$C$200,2,0),2)) -> 1 | C50: =IF(ISBLANK(태깅기획site_code!F49),"",태깅기획site_code!C49) -> Japan | D50: =IF(ISBLANK(태깅기획site_code!F49),"",IF(고객법인일정파일!P49="한총","SEC",IF(LEN(TRIM(고객법인일정파일!P49))=0,태깅기획site_code!D49,고객법인일정파일!P49))) -> XADJ | E50: =IF(ISBLANK(태깅기획site_code!F49),"",태깅기획site_code!E49) -> Japan | F50: =IF(ISBLANK(태깅기획site_code!F49),"",태깅기획site_code!J49) -> Japan | G50: =IF(ISBLANK(태깅기획site_code!B49),"",태깅기획site_code!F49) -> jp | H50: =IF(ISBLANK(태깅기획site_code!F49),"",IF(고객법인일정파일!Q49="X","X",고객법인일정파일!R49)) -> X | I50: =IF(ISBLANK(태깅기획site_code!F49),"",IF(고객법인일정파일!Q49="X","",고객법인일정파일!S49)) | K50: TBD | L50: TBD | M50: =IF(D50="","",VLOOKUP(D50,고객법인일정파일!$C$5:$J$200,8,0))&"" -> Note1-test TotUl | N50: {=_xlfn.TEXTJOIN(CHAR(10), 1, _xlfn._xlws.FILTER('RAW_URL,PageName'!D$2:D$999, ('RAW_URL,PageName'!$C$2:$C$999=$G50)*('RAW_URL,PageName'!$B$2:$B$999="TY"), ""))} | O50: {=_xlfn.TEXTJOIN(CHAR(10), 1, _xlfn._xlws.FILTER('RAW_URL,PageName'!E$2:E$999, ('RAW_URL,PageName'!$C$2:$C$999=$G50)*('RAW_URL,PageName'!$B$2:$B$999="TY"), ""))} | P50: {=_xlfn.TEXTJOIN(CHAR(10), 1, _xlfn._xlws.FILTER('RAW_URL,PageName'!F$2:F$999, ('RAW_URL,PageName'!$C$2:$C$999=$G50)*('RAW_URL,PageName'!$B$2:$B$999="TY"), ""))} | Q50: {=_xlfn.TEXTJOIN(CHAR(10), 1, _xlfn._xlws.FILTER('RAW_URL,PageName'!D$2:D$999, ('RAW_URL,PageName'!$C$2:$C$999=$G50)*('RAW_URL,PageName'!$B$2:$B$999="LY"), ""))} | R50: {=_xlfn.TEXTJOIN(CHAR(10), 1, _xlfn._xlws.FILTER('RAW_URL,PageName'!E$2:E$999, ('RAW_URL,PageName'!$C$2:$C$999=$G50)*('RAW_URL,PageName'!$B$2:$B$999="LY"), ""))} | S50: {=_xlfn.TEXTJOIN(CHAR(10), 1, _xlfn._xlws.FILTER('RAW_URL,PageName'!F$2:F$999, ('RAW_URL,PageName'!$C$2:$C$999=$G50)*('RAW_URL,PageName'!$B$2:$B$999="LY"), ""))} | U50: =IFERROR(VLOOKUP($C50,태깅기획site_code!$N$4:$O$18,2,0),"") -> 10 | W50: 2 | X50: MENA | Y50: XADLV | Z50: Jordan | AA50: LEVANT (ar) | AB50: levant_ar | AC50: TBC | AD50: TBC | AE50: =IF(AD50="","",IF(IF(AD50>api용!D$2,api용!D$2,AD50)<AC50,"",IF(AD50>api용!D$2,api용!D$2,AD50)))
B51: =IF($G51="","",IFERROR(VLOOKUP($G51,RAW_tier!$B$2:$C$200,2,0),2)) -> 2 | C51: =IF(ISBLANK(태깅기획site_code!F50),"",태깅기획site_code!C50) -> CIS | D51: =IF(ISBLANK(태깅기획site_code!F50),"",IF(고객법인일정파일!P50="한총","SEC",IF(LEN(TRIM(고객법인일정파일!P50))=0,태깅기획site_code!D50,고객법인일정파일!P50))) -> XADCAD | E51: =IF(ISBLANK(태깅기획site_code!F50),"",태깅기획site_code!E50) -> Kazakhstan | F51: =IF(ISBLANK(태깅기획site_code!F50),"",태깅기획site_code!J50) -> Kazakhstan (Kazakh) | G51: =IF(ISBLANK(태깅기획site_code!B50),"",태깅기획site_code!F50) -> kz_kz | H51: =IF(ISBLANK(태깅기획site_code!F50),"",IF(고객법인일정파일!Q50="X","X",고객법인일정파일!R50)) -> 46054 | I51: =IF(ISBLANK(태깅기획site_code!F50),"",IF(고객법인일정파일!Q50="X","",고객법인일정파일!S50)) -> 46064 | M51: =IF(D51="","",VLOOKUP(D51,고객법인일정파일!$C$5:$J$200,8,0))&"" | N51: {=_xlfn.TEXTJOIN(CHAR(10), 1, _xlfn._xlws.FILTER('RAW_URL,PageName'!D$2:D$999, ('RAW_URL,PageName'!$C$2:$C$999=$G51)*('RAW_URL,PageName'!$B$2:$B$999="TY"), ""))} | O51: {=_xlfn.TEXTJOIN(CHAR(10), 1, _xlfn._xlws.FILTER('RAW_URL,PageName'!E$2:E$999, ('RAW_URL,PageName'!$C$2:$C$999=$G51)*('RAW_URL,PageName'!$B$2:$B$999="TY"), ""))} | P51: {=_xlfn.TEXTJOIN(CHAR(10), 1, _xlfn._xlws.FILTER('RAW_URL,PageName'!F$2:F$999, ('RAW_URL,PageName'!$C$2:$C$999=$G51)*('RAW_URL,PageName'!$B$2:$B$999="TY"), ""))} | Q51: {=_xlfn.TEXTJOIN(CHAR(10), 1, _xlfn._xlws.FILTER('RAW_URL,PageName'!D$2:D$999, ('RAW_URL,PageName'!$C$2:$C$999=$G51)*('RAW_URL,PageName'!$B$2:$B$999="LY"), ""))} | R51: {=_xlfn.TEXTJOIN(CHAR(10), 1, _xlfn._xlws.FILTER('RAW_URL,PageName'!E$2:E$999, ('RAW_URL,PageName'!$C$2:$C$999=$G51)*('RAW_URL,PageName'!$B$2:$B$999="LY"), ""))} | S51: {=_xlfn.TEXTJOIN(CHAR(10), 1, _xlfn._xlws.FILTER('RAW_URL,PageName'!F$2:F$999, ('RAW_URL,PageName'!$C$2:$C$999=$G51)*('RAW_URL,PageName'!$B$2:$B$999="LY"), ""))} | U51: =IFERROR(VLOOKUP($C51,태깅기획site_code!$N$4:$O$18,2,0),"") -> 7 | W51: 2 | X51: EU | Y51: XADUD | Z51: Macedonia | AA51: Macedonia | AB51: mk | AC51: X | AE51: =IF(AD51="","",IF(IF(AD51>api용!D$2,api용!D$2,AD51)<AC51,"",IF(AD51>api용!D$2,api용!D$2,AD51)))
B52: =IF($G52="","",IFERROR(VLOOKUP($G52,RAW_tier!$B$2:$C$200,2,0),2)) -> 2 | C52: =IF(ISBLANK(태깅기획site_code!F51),"",태깅기획site_code!C51) -> CIS | D52: =IF(ISBLANK(태깅기획site_code!F51),"",IF(고객법인일정파일!P51="한총","SEC",IF(LEN(TRIM(고객법인일정파일!P51))=0,태깅기획site_code!D51,고객법인일정파일!P51))) -> XADCAD | E52: =IF(ISBLANK(태깅기획site_code!F51),"",태깅기획site_code!E51) -> Kazakhstan | F52: =IF(ISBLANK(태깅기획site_code!F51),"",태깅기획site_code!J51) -> Kazakhstan | G52: =IF(ISBLANK(태깅기획site_code!B51),"",태깅기획site_code!F51) -> kz_ru | H52: =IF(ISBLANK(태깅기획site_code!F51),"",IF(고객법인일정파일!Q51="X","X",고객법인일정파일!R51)) -> 46054 | I52: =IF(ISBLANK(태깅기획site_code!F51),"",IF(고객법인일정파일!Q51="X","",고객법인일정파일!S51)) -> 46064 | M52: =IF(D52="","",VLOOKUP(D52,고객법인일정파일!$C$5:$J$200,8,0))&"" | N52: {=_xlfn.TEXTJOIN(CHAR(10), 1, _xlfn._xlws.FILTER('RAW_URL,PageName'!D$2:D$999, ('RAW_URL,PageName'!$C$2:$C$999=$G52)*('RAW_URL,PageName'!$B$2:$B$999="TY"), ""))} | O52: {=_xlfn.TEXTJOIN(CHAR(10), 1, _xlfn._xlws.FILTER('RAW_URL,PageName'!E$2:E$999, ('RAW_URL,PageName'!$C$2:$C$999=$G52)*('RAW_URL,PageName'!$B$2:$B$999="TY"), ""))} | P52: {=_xlfn.TEXTJOIN(CHAR(10), 1, _xlfn._xlws.FILTER('RAW_URL,PageName'!F$2:F$999, ('RAW_URL,PageName'!$C$2:$C$999=$G52)*('RAW_URL,PageName'!$B$2:$B$999="TY"), ""))} | Q52: {=_xlfn.TEXTJOIN(CHAR(10), 1, _xlfn._xlws.FILTER('RAW_URL,PageName'!D$2:D$999, ('RAW_URL,PageName'!$C$2:$C$999=$G52)*('RAW_URL,PageName'!$B$2:$B$999="LY"), ""))} | R52: {=_xlfn.TEXTJOIN(CHAR(10), 1, _xlfn._xlws.FILTER('RAW_URL,PageName'!E$2:E$999, ('RAW_URL,PageName'!$C$2:$C$999=$G52)*('RAW_URL,PageName'!$B$2:$B$999="LY"), ""))} | S52: {=_xlfn.TEXTJOIN(CHAR(10), 1, _xlfn._xlws.FILTER('RAW_URL,PageName'!F$2:F$999, ('RAW_URL,PageName'!$C$2:$C$999=$G52)*('RAW_URL,PageName'!$B$2:$B$999="LY"), ""))} | U52: =IFERROR(VLOOKUP($C52,태깅기획site_code!$N$4:$O$18,2,0),"") -> 7 | W52: 2 | X52: S.E.Asia | Y52: TXAD-TH | Z52: Myanmar | AA52: Myanmar | AB52: mm | AC52: 46243 | AD52: 46246 | AE52: =IF(AD52="","",IF(IF(AD52>api용!D$2,api용!D$2,AD52)<AC52,"",IF(AD52>api용!D$2,api용!D$2,AD52)))
B53: =IF($G53="","",IFERROR(VLOOKUP($G53,RAW_tier!$B$2:$C$200,2,0),2)) -> 2 | C53: =IF(ISBLANK(태깅기획site_code!F52),"",태깅기획site_code!C52) -> L.America | D53: =IF(ISBLANK(태깅기획site_code!F52),"",IF(고객법인일정파일!P52="한총","SEC",IF(LEN(TRIM(고객법인일정파일!P52))=0,태깅기획site_code!D52,고객법인일정파일!P52))) -> XADLU | E53: =IF(ISBLANK(태깅기획site_code!F52),"",태깅기획site_code!E52) -> Panama | F53: =IF(ISBLANK(태깅기획site_code!F52),"",태깅기획site_code!J52) -> Panama (Spanish) | G53: =IF(ISBLANK(태깅기획site_code!B52),"",태깅기획site_code!F52) -> latin | H53: =IF(ISBLANK(태깅기획site_code!F52),"",IF(고객법인일정파일!Q52="X","X",고객법인일정파일!R52)) -> 46042 | I53: =IF(ISBLANK(태깅기획site_code!F52),"",IF(고객법인일정파일!Q52="X","",고객법인일정파일!S52)) -> 46063 | K53: 45767 | L53: 45787 | M53: =IF(D53="","",VLOOKUP(D53,고객법인일정파일!$C$5:$J$200,8,0))&"" | N53: {=_xlfn.TEXTJOIN(CHAR(10), 1, _xlfn._xlws.FILTER('RAW_URL,PageName'!D$2:D$999, ('RAW_URL,PageName'!$C$2:$C$999=$G53)*('RAW_URL,PageName'!$B$2:$B$999="TY"), ""))} | O53: {=_xlfn.TEXTJOIN(CHAR(10), 1, _xlfn._xlws.FILTER('RAW_URL,PageName'!E$2:E$999, ('RAW_URL,PageName'!$C$2:$C$999=$G53)*('RAW_URL,PageName'!$B$2:$B$999="TY"), ""))} | P53: {=_xlfn.TEXTJOIN(CHAR(10), 1, _xlfn._xlws.FILTER('RAW_URL,PageName'!F$2:F$999, ('RAW_URL,PageName'!$C$2:$C$999=$G53)*('RAW_URL,PageName'!$B$2:$B$999="TY"), ""))} | Q53: {=_xlfn.TEXTJOIN(CHAR(10), 1, _xlfn._xlws.FILTER('RAW_URL,PageName'!D$2:D$999, ('RAW_URL,PageName'!$C$2:$C$999=$G53)*('RAW_URL,PageName'!$B$2:$B$999="LY"), ""))} | R53: {=_xlfn.TEXTJOIN(CHAR(10), 1, _xlfn._xlws.FILTER('RAW_URL,PageName'!E$2:E$999, ('RAW_URL,PageName'!$C$2:$C$999=$G53)*('RAW_URL,PageName'!$B$2:$B$999="LY"), ""))} | S53: {=_xlfn.TEXTJOIN(CHAR(10), 1, _xlfn._xlws.FILTER('RAW_URL,PageName'!F$2:F$999, ('RAW_URL,PageName'!$C$2:$C$999=$G53)*('RAW_URL,PageName'!$B$2:$B$999="LY"), ""))} | U53: =IFERROR(VLOOKUP($C53,태깅기획site_code!$N$4:$O$18,2,0),"") -> 3 | W53: 2 | X53: CIS | Y53: XADCAD | Z53: Mongolia | AA53: Mongolia | AB53: mn | AC53: 46054 | AD53: 46064 | AE53: =IF(AD53="","",IF(IF(AD53>api용!D$2,api용!D$2,AD53)<AC53,"",IF(AD53>api용!D$2,api용!D$2,AD53))) -> 46064
B54: =IF($G54="","",IFERROR(VLOOKUP($G54,RAW_tier!$B$2:$C$200,2,0),2)) -> 2 | C54: =IF(ISBLANK(태깅기획site_code!F53),"",태깅기획site_code!C53) -> L.America | D54: =IF(ISBLANK(태깅기획site_code!F53),"",IF(고객법인일정파일!P53="한총","SEC",IF(LEN(TRIM(고객법인일정파일!P53))=0,태깅기획site_code!D53,고객법인일정파일!P53))) -> XADLU | E54: =IF(ISBLANK(태깅기획site_code!F53),"",태깅기획site_code!E53) -> Panama | F54: =IF(ISBLANK(태깅기획site_code!F53),"",태깅기획site_code!J53) -> Panama (English) | G54: =IF(ISBLANK(태깅기획site_code!B53),"",태깅기획site_code!F53) -> latin_en | H54: =IF(ISBLANK(태깅기획site_code!F53),"",IF(고객법인일정파일!Q53="X","X",고객법인일정파일!R53)) -> 46042 | I54: =IF(ISBLANK(태깅기획site_code!F53),"",IF(고객법인일정파일!Q53="X","",고객법인일정파일!S53)) -> 46063 | K54: 45767 | L54: 45787 | M54: =IF(D54="","",VLOOKUP(D54,고객법인일정파일!$C$5:$J$200,8,0))&"" | N54: {=_xlfn.TEXTJOIN(CHAR(10), 1, _xlfn._xlws.FILTER('RAW_URL,PageName'!D$2:D$999, ('RAW_URL,PageName'!$C$2:$C$999=$G54)*('RAW_URL,PageName'!$B$2:$B$999="TY"), ""))} | O54: {=_xlfn.TEXTJOIN(CHAR(10), 1, _xlfn._xlws.FILTER('RAW_URL,PageName'!E$2:E$999, ('RAW_URL,PageName'!$C$2:$C$999=$G54)*('RAW_URL,PageName'!$B$2:$B$999="TY"), ""))} | P54: {=_xlfn.TEXTJOIN(CHAR(10), 1, _xlfn._xlws.FILTER('RAW_URL,PageName'!F$2:F$999, ('RAW_URL,PageName'!$C$2:$C$999=$G54)*('RAW_URL,PageName'!$B$2:$B$999="TY"), ""))} | Q54: {=_xlfn.TEXTJOIN(CHAR(10), 1, _xlfn._xlws.FILTER('RAW_URL,PageName'!D$2:D$999, ('RAW_URL,PageName'!$C$2:$C$999=$G54)*('RAW_URL,PageName'!$B$2:$B$999="LY"), ""))} | R54: {=_xlfn.TEXTJOIN(CHAR(10), 1, _xlfn._xlws.FILTER('RAW_URL,PageName'!E$2:E$999, ('RAW_URL,PageName'!$C$2:$C$999=$G54)*('RAW_URL,PageName'!$B$2:$B$999="LY"), ""))} | S54: {=_xlfn.TEXTJOIN(CHAR(10), 1, _xlfn._xlws.FILTER('RAW_URL,PageName'!F$2:F$999, ('RAW_URL,PageName'!$C$2:$C$999=$G54)*('RAW_URL,PageName'!$B$2:$B$999="LY"), ""))} | U54: =IFERROR(VLOOKUP($C54,태깅기획site_code!$N$4:$O$18,2,0),"") -> 3 | W54: 2 | X54: S.E.Asia | Y54: XMAD | Z54: Malaysia | AA54: Malaysia | AB54: my | AC54: X | AE54: =IF(AD54="","",IF(IF(AD54>api용!D$2,api용!D$2,AD54)<AC54,"",IF(AD54>api용!D$2,api용!D$2,AD54)))
B55: =IF($G55="","",IFERROR(VLOOKUP($G55,RAW_tier!$B$2:$C$200,2,0),2)) -> 2 | C55: =IF(ISBLANK(태깅기획site_code!F54),"",태깅기획site_code!C54) -> MENA | D55: =IF(ISBLANK(태깅기획site_code!F54),"",IF(고객법인일정파일!P54="한총","SEC",IF(LEN(TRIM(고객법인일정파일!P54))=0,태깅기획site_code!D54,고객법인일정파일!P54))) -> XADLV | E55: =IF(ISBLANK(태깅기획site_code!F54),"",태깅기획site_code!E54) -> Lebanon | F55: =IF(ISBLANK(태깅기획site_code!F54),"",태깅기획site_code!J54) -> Lebanon | G55: =IF(ISBLANK(태깅기획site_code!B54),"",태깅기획site_code!F54) -> lb | H55: =IF(ISBLANK(태깅기획site_code!F54),"",IF(고객법인일정파일!Q54="X","X",고객법인일정파일!R54)) -> TBC | I55: =IF(ISBLANK(태깅기획site_code!F54),"",IF(고객법인일정파일!Q54="X","",고객법인일정파일!S54)) -> TBC | K55: TBD | L55: TBD | M55: =IF(D55="","",VLOOKUP(D55,고객법인일정파일!$C$5:$J$200,8,0))&"" -> Note1-test XADPOL | N55: {=_xlfn.TEXTJOIN(CHAR(10), 1, _xlfn._xlws.FILTER('RAW_URL,PageName'!D$2:D$999, ('RAW_URL,PageName'!$C$2:$C$999=$G55)*('RAW_URL,PageName'!$B$2:$B$999="TY"), ""))} | O55: {=_xlfn.TEXTJOIN(CHAR(10), 1, _xlfn._xlws.FILTER('RAW_URL,PageName'!E$2:E$999, ('RAW_URL,PageName'!$C$2:$C$999=$G55)*('RAW_URL,PageName'!$B$2:$B$999="TY"), ""))} | P55: {=_xlfn.TEXTJOIN(CHAR(10), 1, _xlfn._xlws.FILTER('RAW_URL,PageName'!F$2:F$999, ('RAW_URL,PageName'!$C$2:$C$999=$G55)*('RAW_URL,PageName'!$B$2:$B$999="TY"), ""))} | Q55: {=_xlfn.TEXTJOIN(CHAR(10), 1, _xlfn._xlws.FILTER('RAW_URL,PageName'!D$2:D$999, ('RAW_URL,PageName'!$C$2:$C$999=$G55)*('RAW_URL,PageName'!$B$2:$B$999="LY"), ""))} | R55: {=_xlfn.TEXTJOIN(CHAR(10), 1, _xlfn._xlws.FILTER('RAW_URL,PageName'!E$2:E$999, ('RAW_URL,PageName'!$C$2:$C$999=$G55)*('RAW_URL,PageName'!$B$2:$B$999="LY"), ""))} | S55: {=_xlfn.TEXTJOIN(CHAR(10), 1, _xlfn._xlws.FILTER('RAW_URL,PageName'!F$2:F$999, ('RAW_URL,PageName'!$C$2:$C$999=$G55)*('RAW_URL,PageName'!$B$2:$B$999="LY"), ""))} | U55: =IFERROR(VLOOKUP($C55,태깅기획site_code!$N$4:$O$18,2,0),"") -> 6 | W55: 2 | X55: MENA | Y55: XADMUG | Z55: Morocco | AA55: North Africa | AB55: n_africa | AC55: TBC | AD55: TBC | AE55: =IF(AD55="","",IF(IF(AD55>api용!D$2,api용!D$2,AD55)<AC55,"",IF(AD55>api용!D$2,api용!D$2,AD55)))
B56: =IF($G56="","",IFERROR(VLOOKUP($G56,RAW_tier!$B$2:$C$200,2,0),2)) -> 2 | C56: =IF(ISBLANK(태깅기획site_code!F55),"",태깅기획site_code!C55) -> MENA | D56: =IF(ISBLANK(태깅기획site_code!F55),"",IF(고객법인일정파일!P55="한총","SEC",IF(LEN(TRIM(고객법인일정파일!P55))=0,태깅기획site_code!D55,고객법인일정파일!P55))) -> XADLV | E56: =IF(ISBLANK(태깅기획site_code!F55),"",태깅기획site_code!E55) -> Jordan | F56: =IF(ISBLANK(태깅기획site_code!F55),"",태깅기획site_code!J55) -> LEVANT | G56: =IF(ISBLANK(태깅기획site_code!B55),"",태깅기획site_code!F55) -> levant | H56: =IF(ISBLANK(태깅기획site_code!F55),"",IF(고객법인일정파일!Q55="X","X",고객법인일정파일!R55)) -> TBC | I56: =IF(ISBLANK(태깅기획site_code!F55),"",IF(고객법인일정파일!Q55="X","",고객법인일정파일!S55)) -> TBC | K56: TBD | L56: TBD | M56: =IF(D56="","",VLOOKUP(D56,고객법인일정파일!$C$5:$J$200,8,0))&"" -> Note1-test XADPOL | N56: {=_xlfn.TEXTJOIN(CHAR(10), 1, _xlfn._xlws.FILTER('RAW_URL,PageName'!D$2:D$999, ('RAW_URL,PageName'!$C$2:$C$999=$G56)*('RAW_URL,PageName'!$B$2:$B$999="TY"), ""))} | O56: {=_xlfn.TEXTJOIN(CHAR(10), 1, _xlfn._xlws.FILTER('RAW_URL,PageName'!E$2:E$999, ('RAW_URL,PageName'!$C$2:$C$999=$G56)*('RAW_URL,PageName'!$B$2:$B$999="TY"), ""))} | P56: {=_xlfn.TEXTJOIN(CHAR(10), 1, _xlfn._xlws.FILTER('RAW_URL,PageName'!F$2:F$999, ('RAW_URL,PageName'!$C$2:$C$999=$G56)*('RAW_URL,PageName'!$B$2:$B$999="TY"), ""))} | Q56: {=_xlfn.TEXTJOIN(CHAR(10), 1, _xlfn._xlws.FILTER('RAW_URL,PageName'!D$2:D$999, ('RAW_URL,PageName'!$C$2:$C$999=$G56)*('RAW_URL,PageName'!$B$2:$B$999="LY"), ""))} | R56: {=_xlfn.TEXTJOIN(CHAR(10), 1, _xlfn._xlws.FILTER('RAW_URL,PageName'!E$2:E$999, ('RAW_URL,PageName'!$C$2:$C$999=$G56)*('RAW_URL,PageName'!$B$2:$B$999="LY"), ""))} | S56: {=_xlfn.TEXTJOIN(CHAR(10), 1, _xlfn._xlws.FILTER('RAW_URL,PageName'!F$2:F$999, ('RAW_URL,PageName'!$C$2:$C$999=$G56)*('RAW_URL,PageName'!$B$2:$B$999="LY"), ""))} | U56: =IFERROR(VLOOKUP($C56,태깅기획site_code!$N$4:$O$18,2,0),"") -> 6 | W56: 2 | X56: EU | Y56: XADBN-NL | Z56: Netherlands | AA56: Netherlands | AB56: nl | AC56: 46050 | AD56: 46063 | AE56: =IF(AD56="","",IF(IF(AD56>api용!D$2,api용!D$2,AD56)<AC56,"",IF(AD56>api용!D$2,api용!D$2,AD56))) -> 46063
B57: =IF($G57="","",IFERROR(VLOOKUP($G57,RAW_tier!$B$2:$C$200,2,0),2)) -> 2 | C57: =IF(ISBLANK(태깅기획site_code!F56),"",태깅기획site_code!C56) -> MENA | D57: =IF(ISBLANK(태깅기획site_code!F56),"",IF(고객법인일정파일!P56="한총","SEC",IF(LEN(TRIM(고객법인일정파일!P56))=0,태깅기획site_code!D56,고객법인일정파일!P56))) -> XADLV | E57: =IF(ISBLANK(태깅기획site_code!F56),"",태깅기획site_code!E56) -> Jordan | F57: =IF(ISBLANK(태깅기획site_code!F56),"",태깅기획site_code!J56) -> LEVANT (ar) | G57: =IF(ISBLANK(태깅기획site_code!B56),"",태깅기획site_code!F56) -> levant_ar | H57: =IF(ISBLANK(태깅기획site_code!F56),"",IF(고객법인일정파일!Q56="X","X",고객법인일정파일!R56)) -> TBC | I57: =IF(ISBLANK(태깅기획site_code!F56),"",IF(고객법인일정파일!Q56="X","",고객법인일정파일!S56)) -> TBC | K57: TBD | L57: TBD | M57: =IF(D57="","",VLOOKUP(D57,고객법인일정파일!$C$5:$J$200,8,0))&"" -> Note1-test XADPOL | N57: {=_xlfn.TEXTJOIN(CHAR(10), 1, _xlfn._xlws.FILTER('RAW_URL,PageName'!D$2:D$999, ('RAW_URL,PageName'!$C$2:$C$999=$G57)*('RAW_URL,PageName'!$B$2:$B$999="TY"), ""))} | O57: {=_xlfn.TEXTJOIN(CHAR(10), 1, _xlfn._xlws.FILTER('RAW_URL,PageName'!E$2:E$999, ('RAW_URL,PageName'!$C$2:$C$999=$G57)*('RAW_URL,PageName'!$B$2:$B$999="TY"), ""))} | P57: {=_xlfn.TEXTJOIN(CHAR(10), 1, _xlfn._xlws.FILTER('RAW_URL,PageName'!F$2:F$999, ('RAW_URL,PageName'!$C$2:$C$999=$G57)*('RAW_URL,PageName'!$B$2:$B$999="TY"), ""))} | Q57: {=_xlfn.TEXTJOIN(CHAR(10), 1, _xlfn._xlws.FILTER('RAW_URL,PageName'!D$2:D$999, ('RAW_URL,PageName'!$C$2:$C$999=$G57)*('RAW_URL,PageName'!$B$2:$B$999="LY"), ""))} | R57: {=_xlfn.TEXTJOIN(CHAR(10), 1, _xlfn._xlws.FILTER('RAW_URL,PageName'!E$2:E$999, ('RAW_URL,PageName'!$C$2:$C$999=$G57)*('RAW_URL,PageName'!$B$2:$B$999="LY"), ""))} | S57: {=_xlfn.TEXTJOIN(CHAR(10), 1, _xlfn._xlws.FILTER('RAW_URL,PageName'!F$2:F$999, ('RAW_URL,PageName'!$C$2:$C$999=$G57)*('RAW_URL,PageName'!$B$2:$B$999="LY"), ""))} | U57: =IFERROR(VLOOKUP($C57,태깅기획site_code!$N$4:$O$18,2,0),"") -> 6 | W57: 2 | X57: EU | Y57: XADNU | Z57: Norway | AA57: Norway | AB57: no | AC57: X | AE57: =IF(AD57="","",IF(IF(AD57>api용!D$2,api용!D$2,AD57)<AC57,"",IF(AD57>api용!D$2,api용!D$2,AD57)))
B58: =IF($G58="","",IFERROR(VLOOKUP($G58,RAW_tier!$B$2:$C$200,2,0),2)) -> 2 | C58: =IF(ISBLANK(태깅기획site_code!F57),"",태깅기획site_code!C57) -> EU | D58: =IF(ISBLANK(태깅기획site_code!F57),"",IF(고객법인일정파일!P57="한총","SEC",IF(LEN(TRIM(고객법인일정파일!P57))=0,태깅기획site_code!D57,고객법인일정파일!P57))) -> XADB | E58: =IF(ISBLANK(태깅기획site_code!F57),"",태깅기획site_code!E57) -> Lithuania | F58: =IF(ISBLANK(태깅기획site_code!F57),"",태깅기획site_code!J57) -> Lithuania | G58: =IF(ISBLANK(태깅기획site_code!B57),"",태깅기획site_code!F57) -> lt | H58: =IF(ISBLANK(태깅기획site_code!F57),"",IF(고객법인일정파일!Q57="X","X",고객법인일정파일!R57)) | I58: =IF(ISBLANK(태깅기획site_code!F57),"",IF(고객법인일정파일!Q57="X","",고객법인일정파일!S57)) | K58: TBD | L58: TBD | M58: =IF(D58="","",VLOOKUP(D58,고객법인일정파일!$C$5:$J$200,8,0))&"" | N58: {=_xlfn.TEXTJOIN(CHAR(10), 1, _xlfn._xlws.FILTER('RAW_URL,PageName'!D$2:D$999, ('RAW_URL,PageName'!$C$2:$C$999=$G58)*('RAW_URL,PageName'!$B$2:$B$999="TY"), ""))} | O58: {=_xlfn.TEXTJOIN(CHAR(10), 1, _xlfn._xlws.FILTER('RAW_URL,PageName'!E$2:E$999, ('RAW_URL,PageName'!$C$2:$C$999=$G58)*('RAW_URL,PageName'!$B$2:$B$999="TY"), ""))} | P58: {=_xlfn.TEXTJOIN(CHAR(10), 1, _xlfn._xlws.FILTER('RAW_URL,PageName'!F$2:F$999, ('RAW_URL,PageName'!$C$2:$C$999=$G58)*('RAW_URL,PageName'!$B$2:$B$999="TY"), ""))} | Q58: {=_xlfn.TEXTJOIN(CHAR(10), 1, _xlfn._xlws.FILTER('RAW_URL,PageName'!D$2:D$999, ('RAW_URL,PageName'!$C$2:$C$999=$G58)*('RAW_URL,PageName'!$B$2:$B$999="LY"), ""))} | R58: {=_xlfn.TEXTJOIN(CHAR(10), 1, _xlfn._xlws.FILTER('RAW_URL,PageName'!E$2:E$999, ('RAW_URL,PageName'!$C$2:$C$999=$G58)*('RAW_URL,PageName'!$B$2:$B$999="LY"), ""))} | S58: {=_xlfn.TEXTJOIN(CHAR(10), 1, _xlfn._xlws.FILTER('RAW_URL,PageName'!F$2:F$999, ('RAW_URL,PageName'!$C$2:$C$999=$G58)*('RAW_URL,PageName'!$B$2:$B$999="LY"), ""))} | U58: =IFERROR(VLOOKUP($C58,태깅기획site_code!$N$4:$O$18,2,0),"") -> 2 | W58: 2 | X58: S.E.Asia | Y58: XADNZ | Z58: New Zealand | AA58: New Zealand | AB58: nz | AC58: 46036 | AD58: 46064 | AE58: =IF(AD58="","",IF(IF(AD58>api용!D$2,api용!D$2,AD58)<AC58,"",IF(AD58>api용!D$2,api용!D$2,AD58))) -> 46064
B59: =IF($G59="","",IFERROR(VLOOKUP($G59,RAW_tier!$B$2:$C$200,2,0),2)) -> 2 | C59: =IF(ISBLANK(태깅기획site_code!F58),"",태깅기획site_code!C58) -> EU | D59: =IF(ISBLANK(태깅기획site_code!F58),"",IF(고객법인일정파일!P58="한총","SEC",IF(LEN(TRIM(고객법인일정파일!P58))=0,태깅기획site_code!D58,고객법인일정파일!P58))) -> XADB | E59: =IF(ISBLANK(태깅기획site_code!F58),"",태깅기획site_code!E58) -> Latvia | F59: =IF(ISBLANK(태깅기획site_code!F58),"",태깅기획site_code!J58) -> Latvia | G59: =IF(ISBLANK(태깅기획site_code!B58),"",태깅기획site_code!F58) -> lv | H59: =IF(ISBLANK(태깅기획site_code!F58),"",IF(고객법인일정파일!Q58="X","X",고객법인일정파일!R58)) | I59: =IF(ISBLANK(태깅기획site_code!F58),"",IF(고객법인일정파일!Q58="X","",고객법인일정파일!S58)) | K59: TBD | L59: TBD | M59: =IF(D59="","",VLOOKUP(D59,고객법인일정파일!$C$5:$J$200,8,0))&"" | N59: {=_xlfn.TEXTJOIN(CHAR(10), 1, _xlfn._xlws.FILTER('RAW_URL,PageName'!D$2:D$999, ('RAW_URL,PageName'!$C$2:$C$999=$G59)*('RAW_URL,PageName'!$B$2:$B$999="TY"), ""))} | O59: {=_xlfn.TEXTJOIN(CHAR(10), 1, _xlfn._xlws.FILTER('RAW_URL,PageName'!E$2:E$999, ('RAW_URL,PageName'!$C$2:$C$999=$G59)*('RAW_URL,PageName'!$B$2:$B$999="TY"), ""))} | P59: {=_xlfn.TEXTJOIN(CHAR(10), 1, _xlfn._xlws.FILTER('RAW_URL,PageName'!F$2:F$999, ('RAW_URL,PageName'!$C$2:$C$999=$G59)*('RAW_URL,PageName'!$B$2:$B$999="TY"), ""))} | Q59: {=_xlfn.TEXTJOIN(CHAR(10), 1, _xlfn._xlws.FILTER('RAW_URL,PageName'!D$2:D$999, ('RAW_URL,PageName'!$C$2:$C$999=$G59)*('RAW_URL,PageName'!$B$2:$B$999="LY"), ""))} | R59: {=_xlfn.TEXTJOIN(CHAR(10), 1, _xlfn._xlws.FILTER('RAW_URL,PageName'!E$2:E$999, ('RAW_URL,PageName'!$C$2:$C$999=$G59)*('RAW_URL,PageName'!$B$2:$B$999="LY"), ""))} | S59: {=_xlfn.TEXTJOIN(CHAR(10), 1, _xlfn._xlws.FILTER('RAW_URL,PageName'!F$2:F$999, ('RAW_URL,PageName'!$C$2:$C$999=$G59)*('RAW_URL,PageName'!$B$2:$B$999="LY"), ""))} | U59: =IFERROR(VLOOKUP($C59,태깅기획site_code!$N$4:$O$18,2,0),"") -> 2 | W59: 2 | X59: L.America | Y59: XADPR | Z59: Peru | AA59: Peru | AB59: pe | AC59: 46048 | AD59: 46063 | AE59: =IF(AD59="","",IF(IF(AD59>api용!D$2,api용!D$2,AD59)<AC59,"",IF(AD59>api용!D$2,api용!D$2,AD59))) -> 46063
B60: =IF($G60="","",IFERROR(VLOOKUP($G60,RAW_tier!$B$2:$C$200,2,0),2)) -> 2 | C60: =IF(ISBLANK(태깅기획site_code!F59),"",태깅기획site_code!C59) -> EU | D60: =IF(ISBLANK(태깅기획site_code!F59),"",IF(고객법인일정파일!P59="한총","SEC",IF(LEN(TRIM(고객법인일정파일!P59))=0,태깅기획site_code!D59,고객법인일정파일!P59))) -> XADUD | E60: =IF(ISBLANK(태깅기획site_code!F59),"",태깅기획site_code!E59) -> Macedonia | F60: =IF(ISBLANK(태깅기획site_code!F59),"",태깅기획site_code!J59) -> Macedonia | G60: =IF(ISBLANK(태깅기획site_code!B59),"",태깅기획site_code!F59) -> mk | H60: =IF(ISBLANK(태깅기획site_code!F59),"",IF(고객법인일정파일!Q59="X","X",고객법인일정파일!R59)) -> X | I60: =IF(ISBLANK(태깅기획site_code!F59),"",IF(고객법인일정파일!Q59="X","",고객법인일정파일!S59)) | K60: TBD | L60: TBD | M60: =IF(D60="","",VLOOKUP(D60,고객법인일정파일!$C$5:$J$200,8,0))&"" -> Note1-test XADUX-UT | N60: {=_xlfn.TEXTJOIN(CHAR(10), 1, _xlfn._xlws.FILTER('RAW_URL,PageName'!D$2:D$999, ('RAW_URL,PageName'!$C$2:$C$999=$G60)*('RAW_URL,PageName'!$B$2:$B$999="TY"), ""))} | O60: {=_xlfn.TEXTJOIN(CHAR(10), 1, _xlfn._xlws.FILTER('RAW_URL,PageName'!E$2:E$999, ('RAW_URL,PageName'!$C$2:$C$999=$G60)*('RAW_URL,PageName'!$B$2:$B$999="TY"), ""))} | P60: {=_xlfn.TEXTJOIN(CHAR(10), 1, _xlfn._xlws.FILTER('RAW_URL,PageName'!F$2:F$999, ('RAW_URL,PageName'!$C$2:$C$999=$G60)*('RAW_URL,PageName'!$B$2:$B$999="TY"), ""))} | Q60: {=_xlfn.TEXTJOIN(CHAR(10), 1, _xlfn._xlws.FILTER('RAW_URL,PageName'!D$2:D$999, ('RAW_URL,PageName'!$C$2:$C$999=$G60)*('RAW_URL,PageName'!$B$2:$B$999="LY"), ""))} | R60: {=_xlfn.TEXTJOIN(CHAR(10), 1, _xlfn._xlws.FILTER('RAW_URL,PageName'!E$2:E$999, ('RAW_URL,PageName'!$C$2:$C$999=$G60)*('RAW_URL,PageName'!$B$2:$B$999="LY"), ""))} | S60: {=_xlfn.TEXTJOIN(CHAR(10), 1, _xlfn._xlws.FILTER('RAW_URL,PageName'!F$2:F$999, ('RAW_URL,PageName'!$C$2:$C$999=$G60)*('RAW_URL,PageName'!$B$2:$B$999="LY"), ""))} | U60: =IFERROR(VLOOKUP($C60,태깅기획site_code!$N$4:$O$18,2,0),"") -> 2 | W60: 2 | X60: S.E.Asia | Y60: XADPCO | Z60: Philippines | AA60: Philippines | AB60: ph | AC60: 46038 | AD60: 46064 | AE60: =IF(AD60="","",IF(IF(AD60>api용!D$2,api용!D$2,AD60)<AC60,"",IF(AD60>api용!D$2,api용!D$2,AD60))) -> 46064
B61: =IF($G61="","",IFERROR(VLOOKUP($G61,RAW_tier!$B$2:$C$200,2,0),2)) -> 2 | C61: =IF(ISBLANK(태깅기획site_code!F60),"",태깅기획site_code!C60) -> S.E.Asia | D61: =IF(ISBLANK(태깅기획site_code!F60),"",IF(고객법인일정파일!P60="한총","SEC",IF(LEN(TRIM(고객법인일정파일!P60))=0,태깅기획site_code!D60,고객법인일정파일!P60))) -> TXAD-TH | E61: =IF(ISBLANK(태깅기획site_code!F60),"",태깅기획site_code!E60) -> Myanmar | F61: =IF(ISBLANK(태깅기획site_code!F60),"",태깅기획site_code!J60) -> Myanmar | G61: =IF(ISBLANK(태깅기획site_code!B60),"",태깅기획site_code!F60) -> mm | H61: =IF(ISBLANK(태깅기획site_code!F60),"",IF(고객법인일정파일!Q60="X","X",고객법인일정파일!R60)) -> 46243 | I61: =IF(ISBLANK(태깅기획site_code!F60),"",IF(고객법인일정파일!Q60="X","",고객법인일정파일!S60)) -> 46246 | K61: 45878 | L61: 45887 | M61: =IF(D61="","",VLOOKUP(D61,고객법인일정파일!$C$5:$J$200,8,0))&"" -> Note1-test XADF | N61: {=_xlfn.TEXTJOIN(CHAR(10), 1, _xlfn._xlws.FILTER('RAW_URL,PageName'!D$2:D$999, ('RAW_URL,PageName'!$C$2:$C$999=$G61)*('RAW_URL,PageName'!$B$2:$B$999="TY"), ""))} | O61: {=_xlfn.TEXTJOIN(CHAR(10), 1, _xlfn._xlws.FILTER('RAW_URL,PageName'!E$2:E$999, ('RAW_URL,PageName'!$C$2:$C$999=$G61)*('RAW_URL,PageName'!$B$2:$B$999="TY"), ""))} | P61: {=_xlfn.TEXTJOIN(CHAR(10), 1, _xlfn._xlws.FILTER('RAW_URL,PageName'!F$2:F$999, ('RAW_URL,PageName'!$C$2:$C$999=$G61)*('RAW_URL,PageName'!$B$2:$B$999="TY"), ""))} | Q61: {=_xlfn.TEXTJOIN(CHAR(10), 1, _xlfn._xlws.FILTER('RAW_URL,PageName'!D$2:D$999, ('RAW_URL,PageName'!$C$2:$C$999=$G61)*('RAW_URL,PageName'!$B$2:$B$999="LY"), ""))} | R61: {=_xlfn.TEXTJOIN(CHAR(10), 1, _xlfn._xlws.FILTER('RAW_URL,PageName'!E$2:E$999, ('RAW_URL,PageName'!$C$2:$C$999=$G61)*('RAW_URL,PageName'!$B$2:$B$999="LY"), ""))} | S61: {=_xlfn.TEXTJOIN(CHAR(10), 1, _xlfn._xlws.FILTER('RAW_URL,PageName'!F$2:F$999, ('RAW_URL,PageName'!$C$2:$C$999=$G61)*('RAW_URL,PageName'!$B$2:$B$999="LY"), ""))} | U61: =IFERROR(VLOOKUP($C61,태깅기획site_code!$N$4:$O$18,2,0),"") -> 4 | W61: 2 | X61: MENA | Y61: XADPUK | Z61: Pakistan | AA61: Pakistan | AB61: pk | AC61: 46064 | AD61: TBC | AE61: =IF(AD61="","",IF(IF(AD61>api용!D$2,api용!D$2,AD61)<AC61,"",IF(AD61>api용!D$2,api용!D$2,AD61))) -> 46082
B62: =IF($G62="","",IFERROR(VLOOKUP($G62,RAW_tier!$B$2:$C$200,2,0),2)) -> 2 | C62: =IF(ISBLANK(태깅기획site_code!F61),"",태깅기획site_code!C61) -> CIS | D62: =IF(ISBLANK(태깅기획site_code!F61),"",IF(고객법인일정파일!P61="한총","SEC",IF(LEN(TRIM(고객법인일정파일!P61))=0,태깅기획site_code!D61,고객법인일정파일!P61))) -> XADCAD | E62: =IF(ISBLANK(태깅기획site_code!F61),"",태깅기획site_code!E61) -> Mongolia | F62: =IF(ISBLANK(태깅기획site_code!F61),"",태깅기획site_code!J61) -> Mongolia | G62: =IF(ISBLANK(태깅기획site_code!B61),"",태깅기획site_code!F61) -> mn | H62: =IF(ISBLANK(태깅기획site_code!F61),"",IF(고객법인일정파일!Q61="X","X",고객법인일정파일!R61)) -> 46054 | I62: =IF(ISBLANK(태깅기획site_code!F61),"",IF(고객법인일정파일!Q61="X","",고객법인일정파일!S61)) -> 46064 | K62: 45778 | L62: 45788 | M62: =IF(D62="","",VLOOKUP(D62,고객법인일정파일!$C$5:$J$200,8,0))&"" | N62: {=_xlfn.TEXTJOIN(CHAR(10), 1, _xlfn._xlws.FILTER('RAW_URL,PageName'!D$2:D$999, ('RAW_URL,PageName'!$C$2:$C$999=$G62)*('RAW_URL,PageName'!$B$2:$B$999="TY"), ""))} | O62: {=_xlfn.TEXTJOIN(CHAR(10), 1, _xlfn._xlws.FILTER('RAW_URL,PageName'!E$2:E$999, ('RAW_URL,PageName'!$C$2:$C$999=$G62)*('RAW_URL,PageName'!$B$2:$B$999="TY"), ""))} | P62: {=_xlfn.TEXTJOIN(CHAR(10), 1, _xlfn._xlws.FILTER('RAW_URL,PageName'!F$2:F$999, ('RAW_URL,PageName'!$C$2:$C$999=$G62)*('RAW_URL,PageName'!$B$2:$B$999="TY"), ""))} | Q62: {=_xlfn.TEXTJOIN(CHAR(10), 1, _xlfn._xlws.FILTER('RAW_URL,PageName'!D$2:D$999, ('RAW_URL,PageName'!$C$2:$C$999=$G62)*('RAW_URL,PageName'!$B$2:$B$999="LY"), ""))} | R62: {=_xlfn.TEXTJOIN(CHAR(10), 1, _xlfn._xlws.FILTER('RAW_URL,PageName'!E$2:E$999, ('RAW_URL,PageName'!$C$2:$C$999=$G62)*('RAW_URL,PageName'!$B$2:$B$999="LY"), ""))} | S62: {=_xlfn.TEXTJOIN(CHAR(10), 1, _xlfn._xlws.FILTER('RAW_URL,PageName'!F$2:F$999, ('RAW_URL,PageName'!$C$2:$C$999=$G62)*('RAW_URL,PageName'!$B$2:$B$999="LY"), ""))} | U62: =IFERROR(VLOOKUP($C62,태깅기획site_code!$N$4:$O$18,2,0),"") -> 7 | W62: 2 | X62: MENA | Y62: XADIL | Z62: Palestine | AA62: Palestine | AB62: ps | AC62: X | AE62: =IF(AD62="","",IF(IF(AD62>api용!D$2,api용!D$2,AD62)<AC62,"",IF(AD62>api용!D$2,api용!D$2,AD62)))
B63: =IF($G63="","",IFERROR(VLOOKUP($G63,RAW_tier!$B$2:$C$200,2,0),2)) -> 1 | C63: =IF(ISBLANK(태깅기획site_code!F62),"",태깅기획site_code!C62) -> L.America | D63: =IF(ISBLANK(태깅기획site_code!F62),"",IF(고객법인일정파일!P62="한총","SEC",IF(LEN(TRIM(고객법인일정파일!P62))=0,태깅기획site_code!D62,고객법인일정파일!P62))) -> XADM | E63: =IF(ISBLANK(태깅기획site_code!F62),"",태깅기획site_code!E62) -> Mexico | F63: =IF(ISBLANK(태깅기획site_code!F62),"",태깅기획site_code!J62) -> Mexico | G63: =IF(ISBLANK(태깅기획site_code!B62),"",태깅기획site_code!F62) -> mx | H63: =IF(ISBLANK(태깅기획site_code!F62),"",IF(고객법인일정파일!Q62="X","X",고객법인일정파일!R62)) -> 46042 | I63: =IF(ISBLANK(태깅기획site_code!F62),"",IF(고객법인일정파일!Q62="X","",고객법인일정파일!S62)) -> 46063 | K63: 45767 | L63: 45790 | M63: =IF(D63="","",VLOOKUP(D63,고객법인일정파일!$C$5:$J$200,8,0))&"" | N63: {=_xlfn.TEXTJOIN(CHAR(10), 1, _xlfn._xlws.FILTER('RAW_URL,PageName'!D$2:D$999, ('RAW_URL,PageName'!$C$2:$C$999=$G63)*('RAW_URL,PageName'!$B$2:$B$999="TY"), ""))} | O63: {=_xlfn.TEXTJOIN(CHAR(10), 1, _xlfn._xlws.FILTER('RAW_URL,PageName'!E$2:E$999, ('RAW_URL,PageName'!$C$2:$C$999=$G63)*('RAW_URL,PageName'!$B$2:$B$999="TY"), ""))} | P63: {=_xlfn.TEXTJOIN(CHAR(10), 1, _xlfn._xlws.FILTER('RAW_URL,PageName'!F$2:F$999, ('RAW_URL,PageName'!$C$2:$C$999=$G63)*('RAW_URL,PageName'!$B$2:$B$999="TY"), ""))} | Q63: {=_xlfn.TEXTJOIN(CHAR(10), 1, _xlfn._xlws.FILTER('RAW_URL,PageName'!D$2:D$999, ('RAW_URL,PageName'!$C$2:$C$999=$G63)*('RAW_URL,PageName'!$B$2:$B$999="LY"), ""))} | R63: {=_xlfn.TEXTJOIN(CHAR(10), 1, _xlfn._xlws.FILTER('RAW_URL,PageName'!E$2:E$999, ('RAW_URL,PageName'!$C$2:$C$999=$G63)*('RAW_URL,PageName'!$B$2:$B$999="LY"), ""))} | S63: {=_xlfn.TEXTJOIN(CHAR(10), 1, _xlfn._xlws.FILTER('RAW_URL,PageName'!F$2:F$999, ('RAW_URL,PageName'!$C$2:$C$999=$G63)*('RAW_URL,PageName'!$B$2:$B$999="LY"), ""))} | U63: =IFERROR(VLOOKUP($C63,태깅기획site_code!$N$4:$O$18,2,0),"") -> 3 | W63: 2 | X63: EU | Y63: XADIB-PT | Z63: Portugal | AA63: Portugal | AB63: pt | AC63: 46042 | AD63: 46063 | AE63: =IF(AD63="","",IF(IF(AD63>api용!D$2,api용!D$2,AD63)<AC63,"",IF(AD63>api용!D$2,api용!D$2,AD63))) -> 46063
B64: =IF($G64="","",IFERROR(VLOOKUP($G64,RAW_tier!$B$2:$C$200,2,0),2)) -> 2 | C64: =IF(ISBLANK(태깅기획site_code!F63),"",태깅기획site_code!C63) -> S.E.Asia | D64: =IF(ISBLANK(태깅기획site_code!F63),"",IF(고객법인일정파일!P63="한총","SEC",IF(LEN(TRIM(고객법인일정파일!P63))=0,태깅기획site_code!D63,고객법인일정파일!P63))) -> XMAD | E64: =IF(ISBLANK(태깅기획site_code!F63),"",태깅기획site_code!E63) -> Malaysia | F64: =IF(ISBLANK(태깅기획site_code!F63),"",태깅기획site_code!J63) -> Malaysia | G64: =IF(ISBLANK(태깅기획site_code!B63),"",태깅기획site_code!F63) -> my | H64: =IF(ISBLANK(태깅기획site_code!F63),"",IF(고객법인일정파일!Q63="X","X",고객법인일정파일!R63)) -> X | I64: =IF(ISBLANK(태깅기획site_code!F63),"",IF(고객법인일정파일!Q63="X","",고객법인일정파일!S63)) | M64: =IF(D64="","",VLOOKUP(D64,고객법인일정파일!$C$5:$J$200,8,0))&"" -> Note1-test XADI | N64: {=_xlfn.TEXTJOIN(CHAR(10), 1, _xlfn._xlws.FILTER('RAW_URL,PageName'!D$2:D$999, ('RAW_URL,PageName'!$C$2:$C$999=$G64)*('RAW_URL,PageName'!$B$2:$B$999="TY"), ""))} | O64: {=_xlfn.TEXTJOIN(CHAR(10), 1, _xlfn._xlws.FILTER('RAW_URL,PageName'!E$2:E$999, ('RAW_URL,PageName'!$C$2:$C$999=$G64)*('RAW_URL,PageName'!$B$2:$B$999="TY"), ""))} | P64: {=_xlfn.TEXTJOIN(CHAR(10), 1, _xlfn._xlws.FILTER('RAW_URL,PageName'!F$2:F$999, ('RAW_URL,PageName'!$C$2:$C$999=$G64)*('RAW_URL,PageName'!$B$2:$B$999="TY"), ""))} | Q64: {=_xlfn.TEXTJOIN(CHAR(10), 1, _xlfn._xlws.FILTER('RAW_URL,PageName'!D$2:D$999, ('RAW_URL,PageName'!$C$2:$C$999=$G64)*('RAW_URL,PageName'!$B$2:$B$999="LY"), ""))} | R64: {=_xlfn.TEXTJOIN(CHAR(10), 1, _xlfn._xlws.FILTER('RAW_URL,PageName'!E$2:E$999, ('RAW_URL,PageName'!$C$2:$C$999=$G64)*('RAW_URL,PageName'!$B$2:$B$999="LY"), ""))} | S64: {=_xlfn.TEXTJOIN(CHAR(10), 1, _xlfn._xlws.FILTER('RAW_URL,PageName'!F$2:F$999, ('RAW_URL,PageName'!$C$2:$C$999=$G64)*('RAW_URL,PageName'!$B$2:$B$999="LY"), ""))} | U64: =IFERROR(VLOOKUP($C64,태깅기획site_code!$N$4:$O$18,2,0),"") -> 4 | W64: 2 | X64: L.America | Y64: XADLU | Z64: Paraguay | AA64: Paraguay | AB64: py | AC64: 46042 | AD64: 46063 | AE64: =IF(AD64="","",IF(IF(AD64>api용!D$2,api용!D$2,AD64)<AC64,"",IF(AD64>api용!D$2,api용!D$2,AD64))) -> 46063
B65: =IF($G65="","",IFERROR(VLOOKUP($G65,RAW_tier!$B$2:$C$200,2,0),2)) -> 2 | C65: =IF(ISBLANK(태깅기획site_code!F64),"",태깅기획site_code!C64) -> MENA | D65: =IF(ISBLANK(태깅기획site_code!F64),"",IF(고객법인일정파일!P64="한총","SEC",IF(LEN(TRIM(고객법인일정파일!P64))=0,태깅기획site_code!D64,고객법인일정파일!P64))) -> XADMUG | E65: =IF(ISBLANK(태깅기획site_code!F64),"",태깅기획site_code!E64) -> Morocco | F65: =IF(ISBLANK(태깅기획site_code!F64),"",태깅기획site_code!J64) -> North Africa | G65: =IF(ISBLANK(태깅기획site_code!B64),"",태깅기획site_code!F64) -> n_africa | H65: =IF(ISBLANK(태깅기획site_code!F64),"",IF(고객법인일정파일!Q64="X","X",고객법인일정파일!R64)) -> TBC | I65: =IF(ISBLANK(태깅기획site_code!F64),"",IF(고객법인일정파일!Q64="X","",고객법인일정파일!S64)) -> TBC | M65: =IF(D65="","",VLOOKUP(D65,고객법인일정파일!$C$5:$J$200,8,0))&"" -> Note1-test XADCZ | N65: {=_xlfn.TEXTJOIN(CHAR(10), 1, _xlfn._xlws.FILTER('RAW_URL,PageName'!D$2:D$999, ('RAW_URL,PageName'!$C$2:$C$999=$G65)*('RAW_URL,PageName'!$B$2:$B$999="TY"), ""))} | O65: {=_xlfn.TEXTJOIN(CHAR(10), 1, _xlfn._xlws.FILTER('RAW_URL,PageName'!E$2:E$999, ('RAW_URL,PageName'!$C$2:$C$999=$G65)*('RAW_URL,PageName'!$B$2:$B$999="TY"), ""))} | P65: {=_xlfn.TEXTJOIN(CHAR(10), 1, _xlfn._xlws.FILTER('RAW_URL,PageName'!F$2:F$999, ('RAW_URL,PageName'!$C$2:$C$999=$G65)*('RAW_URL,PageName'!$B$2:$B$999="TY"), ""))} | Q65: {=_xlfn.TEXTJOIN(CHAR(10), 1, _xlfn._xlws.FILTER('RAW_URL,PageName'!D$2:D$999, ('RAW_URL,PageName'!$C$2:$C$999=$G65)*('RAW_URL,PageName'!$B$2:$B$999="LY"), ""))} | R65: {=_xlfn.TEXTJOIN(CHAR(10), 1, _xlfn._xlws.FILTER('RAW_URL,PageName'!E$2:E$999, ('RAW_URL,PageName'!$C$2:$C$999=$G65)*('RAW_URL,PageName'!$B$2:$B$999="LY"), ""))} | S65: {=_xlfn.TEXTJOIN(CHAR(10), 1, _xlfn._xlws.FILTER('RAW_URL,PageName'!F$2:F$999, ('RAW_URL,PageName'!$C$2:$C$999=$G65)*('RAW_URL,PageName'!$B$2:$B$999="LY"), ""))} | U65: =IFERROR(VLOOKUP($C65,태깅기획site_code!$N$4:$O$18,2,0),"") -> 6 | W65: 2 | X65: EU | Y65: XADROM | Z65: Romania | AA65: Romania | AB65: ro | AC65: 46113 | AD65: 46122 | AE65: =IF(AD65="","",IF(IF(AD65>api용!D$2,api용!D$2,AD65)<AC65,"",IF(AD65>api용!D$2,api용!D$2,AD65)))
B66: =IF($G66="","",IFERROR(VLOOKUP($G66,RAW_tier!$B$2:$C$200,2,0),2)) -> 2 | C66: =IF(ISBLANK(태깅기획site_code!F65),"",태깅기획site_code!C65) -> EU | D66: =IF(ISBLANK(태깅기획site_code!F65),"",IF(고객법인일정파일!P65="한총","SEC",IF(LEN(TRIM(고객법인일정파일!P65))=0,태깅기획site_code!D65,고객법인일정파일!P65))) -> XADBN-NL | E66: =IF(ISBLANK(태깅기획site_code!F65),"",태깅기획site_code!E65) -> Netherlands | F66: =IF(ISBLANK(태깅기획site_code!F65),"",태깅기획site_code!J65) -> Netherlands | G66: =IF(ISBLANK(태깅기획site_code!B65),"",태깅기획site_code!F65) -> nl | H66: =IF(ISBLANK(태깅기획site_code!F65),"",IF(고객법인일정파일!Q65="X","X",고객법인일정파일!R65)) -> 46050 | I66: =IF(ISBLANK(태깅기획site_code!F65),"",IF(고객법인일정파일!Q65="X","",고객법인일정파일!S65)) -> 46063 | M66: =IF(D66="","",VLOOKUP(D66,고객법인일정파일!$C$5:$J$200,8,0))&"" | N66: {=_xlfn.TEXTJOIN(CHAR(10), 1, _xlfn._xlws.FILTER('RAW_URL,PageName'!D$2:D$999, ('RAW_URL,PageName'!$C$2:$C$999=$G66)*('RAW_URL,PageName'!$B$2:$B$999="TY"), ""))} | O66: {=_xlfn.TEXTJOIN(CHAR(10), 1, _xlfn._xlws.FILTER('RAW_URL,PageName'!E$2:E$999, ('RAW_URL,PageName'!$C$2:$C$999=$G66)*('RAW_URL,PageName'!$B$2:$B$999="TY"), ""))} | P66: {=_xlfn.TEXTJOIN(CHAR(10), 1, _xlfn._xlws.FILTER('RAW_URL,PageName'!F$2:F$999, ('RAW_URL,PageName'!$C$2:$C$999=$G66)*('RAW_URL,PageName'!$B$2:$B$999="TY"), ""))} | Q66: {=_xlfn.TEXTJOIN(CHAR(10), 1, _xlfn._xlws.FILTER('RAW_URL,PageName'!D$2:D$999, ('RAW_URL,PageName'!$C$2:$C$999=$G66)*('RAW_URL,PageName'!$B$2:$B$999="LY"), ""))} | R66: {=_xlfn.TEXTJOIN(CHAR(10), 1, _xlfn._xlws.FILTER('RAW_URL,PageName'!E$2:E$999, ('RAW_URL,PageName'!$C$2:$C$999=$G66)*('RAW_URL,PageName'!$B$2:$B$999="LY"), ""))} | S66: {=_xlfn.TEXTJOIN(CHAR(10), 1, _xlfn._xlws.FILTER('RAW_URL,PageName'!F$2:F$999, ('RAW_URL,PageName'!$C$2:$C$999=$G66)*('RAW_URL,PageName'!$B$2:$B$999="LY"), ""))} | U66: =IFERROR(VLOOKUP($C66,태깅기획site_code!$N$4:$O$18,2,0),"") -> 2 | W66: 2 | X66: EU | Y66: XADUD | Z66: Serbia | AA66: Serbia | AB66: rs | AC66: X | AE66: =IF(AD66="","",IF(IF(AD66>api용!D$2,api용!D$2,AD66)<AC66,"",IF(AD66>api용!D$2,api용!D$2,AD66)))
B67: =IF($G67="","",IFERROR(VLOOKUP($G67,RAW_tier!$B$2:$C$200,2,0),2)) -> 2 | C67: =IF(ISBLANK(태깅기획site_code!F66),"",태깅기획site_code!C66) -> EU | D67: =IF(ISBLANK(태깅기획site_code!F66),"",IF(고객법인일정파일!P66="한총","SEC",IF(LEN(TRIM(고객법인일정파일!P66))=0,태깅기획site_code!D66,고객법인일정파일!P66))) -> XADNU | E67: =IF(ISBLANK(태깅기획site_code!F66),"",태깅기획site_code!E66) -> Norway | F67: =IF(ISBLANK(태깅기획site_code!F66),"",태깅기획site_code!J66) -> Norway | G67: =IF(ISBLANK(태깅기획site_code!B66),"",태깅기획site_code!F66) -> no | H67: =IF(ISBLANK(태깅기획site_code!F66),"",IF(고객법인일정파일!Q66="X","X",고객법인일정파일!R66)) -> X | I67: =IF(ISBLANK(태깅기획site_code!F66),"",IF(고객법인일정파일!Q66="X","",고객법인일정파일!S66)) | M67: =IF(D67="","",VLOOKUP(D67,고객법인일정파일!$C$5:$J$200,8,0))&"" -> Note1-test XADBN-NL | N67: {=_xlfn.TEXTJOIN(CHAR(10), 1, _xlfn._xlws.FILTER('RAW_URL,PageName'!D$2:D$999, ('RAW_URL,PageName'!$C$2:$C$999=$G67)*('RAW_URL,PageName'!$B$2:$B$999="TY"), ""))} | O67: {=_xlfn.TEXTJOIN(CHAR(10), 1, _xlfn._xlws.FILTER('RAW_URL,PageName'!E$2:E$999, ('RAW_URL,PageName'!$C$2:$C$999=$G67)*('RAW_URL,PageName'!$B$2:$B$999="TY"), ""))} | P67: {=_xlfn.TEXTJOIN(CHAR(10), 1, _xlfn._xlws.FILTER('RAW_URL,PageName'!F$2:F$999, ('RAW_URL,PageName'!$C$2:$C$999=$G67)*('RAW_URL,PageName'!$B$2:$B$999="TY"), ""))} | Q67: {=_xlfn.TEXTJOIN(CHAR(10), 1, _xlfn._xlws.FILTER('RAW_URL,PageName'!D$2:D$999, ('RAW_URL,PageName'!$C$2:$C$999=$G67)*('RAW_URL,PageName'!$B$2:$B$999="LY"), ""))} | R67: {=_xlfn.TEXTJOIN(CHAR(10), 1, _xlfn._xlws.FILTER('RAW_URL,PageName'!E$2:E$999, ('RAW_URL,PageName'!$C$2:$C$999=$G67)*('RAW_URL,PageName'!$B$2:$B$999="LY"), ""))} | S67: {=_xlfn.TEXTJOIN(CHAR(10), 1, _xlfn._xlws.FILTER('RAW_URL,PageName'!F$2:F$999, ('RAW_URL,PageName'!$C$2:$C$999=$G67)*('RAW_URL,PageName'!$B$2:$B$999="LY"), ""))} | U67: =IFERROR(VLOOKUP($C67,태깅기획site_code!$N$4:$O$18,2,0),"") -> 2 | W67: 2 | X67: MENA | Y67: XADXUR | Z67: Saudi Arabia | AA67: Saudi Arabia | AB67: sa | AC67: X | AE67: =IF(AD67="","",IF(IF(AD67>api용!D$2,api용!D$2,AD67)<AC67,"",IF(AD67>api용!D$2,api용!D$2,AD67)))
B68: =IF($G68="","",IFERROR(VLOOKUP($G68,RAW_tier!$B$2:$C$200,2,0),2)) -> 2 | C68: =IF(ISBLANK(태깅기획site_code!F67),"",태깅기획site_code!C67) -> S.E.Asia | D68: =IF(ISBLANK(태깅기획site_code!F67),"",IF(고객법인일정파일!P67="한총","SEC",IF(LEN(TRIM(고객법인일정파일!P67))=0,태깅기획site_code!D67,고객법인일정파일!P67))) -> XADNZ | E68: =IF(ISBLANK(태깅기획site_code!F67),"",태깅기획site_code!E67) -> New Zealand | F68: =IF(ISBLANK(태깅기획site_code!F67),"",태깅기획site_code!J67) -> New Zealand | G68: =IF(ISBLANK(태깅기획site_code!B67),"",태깅기획site_code!F67) -> nz | H68: =IF(ISBLANK(태깅기획site_code!F67),"",IF(고객법인일정파일!Q67="X","X",고객법인일정파일!R67)) -> 46036 | I68: =IF(ISBLANK(태깅기획site_code!F67),"",IF(고객법인일정파일!Q67="X","",고객법인일정파일!S67)) -> 46064 | M68: =IF(D68="","",VLOOKUP(D68,고객법인일정파일!$C$5:$J$200,8,0))&"" | N68: {=_xlfn.TEXTJOIN(CHAR(10), 1, _xlfn._xlws.FILTER('RAW_URL,PageName'!D$2:D$999, ('RAW_URL,PageName'!$C$2:$C$999=$G68)*('RAW_URL,PageName'!$B$2:$B$999="TY"), ""))} | O68: {=_xlfn.TEXTJOIN(CHAR(10), 1, _xlfn._xlws.FILTER('RAW_URL,PageName'!E$2:E$999, ('RAW_URL,PageName'!$C$2:$C$999=$G68)*('RAW_URL,PageName'!$B$2:$B$999="TY"), ""))} | P68: {=_xlfn.TEXTJOIN(CHAR(10), 1, _xlfn._xlws.FILTER('RAW_URL,PageName'!F$2:F$999, ('RAW_URL,PageName'!$C$2:$C$999=$G68)*('RAW_URL,PageName'!$B$2:$B$999="TY"), ""))} | Q68: {=_xlfn.TEXTJOIN(CHAR(10), 1, _xlfn._xlws.FILTER('RAW_URL,PageName'!D$2:D$999, ('RAW_URL,PageName'!$C$2:$C$999=$G68)*('RAW_URL,PageName'!$B$2:$B$999="LY"), ""))} | R68: {=_xlfn.TEXTJOIN(CHAR(10), 1, _xlfn._xlws.FILTER('RAW_URL,PageName'!E$2:E$999, ('RAW_URL,PageName'!$C$2:$C$999=$G68)*('RAW_URL,PageName'!$B$2:$B$999="LY"), ""))} | S68: {=_xlfn.TEXTJOIN(CHAR(10), 1, _xlfn._xlws.FILTER('RAW_URL,PageName'!F$2:F$999, ('RAW_URL,PageName'!$C$2:$C$999=$G68)*('RAW_URL,PageName'!$B$2:$B$999="LY"), ""))} | U68: =IFERROR(VLOOKUP($C68,태깅기획site_code!$N$4:$O$18,2,0),"") -> 4 | W68: 2 | X68: MENA | Y68: XADXUR | Z68: Saudi Arabia | AA68: Saudi Arabia (en) | AB68: sa_en | AC68: X | AE68: =IF(AD68="","",IF(IF(AD68>api용!D$2,api용!D$2,AD68)<AC68,"",IF(AD68>api용!D$2,api용!D$2,AD68)))
B69: =IF($G69="","",IFERROR(VLOOKUP($G69,RAW_tier!$B$2:$C$200,2,0),2)) -> 2 | C69: =IF(ISBLANK(태깅기획site_code!F68),"",태깅기획site_code!C68) -> L.America | D69: =IF(ISBLANK(태깅기획site_code!F68),"",IF(고객법인일정파일!P68="한총","SEC",IF(LEN(TRIM(고객법인일정파일!P68))=0,태깅기획site_code!D68,고객법인일정파일!P68))) -> XADPR | E69: =IF(ISBLANK(태깅기획site_code!F68),"",태깅기획site_code!E68) -> Peru | F69: =IF(ISBLANK(태깅기획site_code!F68),"",태깅기획site_code!J68) -> Peru | G69: =IF(ISBLANK(태깅기획site_code!B68),"",태깅기획site_code!F68) -> pe | H69: =IF(ISBLANK(태깅기획site_code!F68),"",IF(고객법인일정파일!Q68="X","X",고객법인일정파일!R68)) -> 46048 | I69: =IF(ISBLANK(태깅기획site_code!F68),"",IF(고객법인일정파일!Q68="X","",고객법인일정파일!S68)) -> 46063 | M69: =IF(D69="","",VLOOKUP(D69,고객법인일정파일!$C$5:$J$200,8,0))&"" | N69: {=_xlfn.TEXTJOIN(CHAR(10), 1, _xlfn._xlws.FILTER('RAW_URL,PageName'!D$2:D$999, ('RAW_URL,PageName'!$C$2:$C$999=$G69)*('RAW_URL,PageName'!$B$2:$B$999="TY"), ""))} | O69: {=_xlfn.TEXTJOIN(CHAR(10), 1, _xlfn._xlws.FILTER('RAW_URL,PageName'!E$2:E$999, ('RAW_URL,PageName'!$C$2:$C$999=$G69)*('RAW_URL,PageName'!$B$2:$B$999="TY"), ""))} | P69: {=_xlfn.TEXTJOIN(CHAR(10), 1, _xlfn._xlws.FILTER('RAW_URL,PageName'!F$2:F$999, ('RAW_URL,PageName'!$C$2:$C$999=$G69)*('RAW_URL,PageName'!$B$2:$B$999="TY"), ""))} | Q69: {=_xlfn.TEXTJOIN(CHAR(10), 1, _xlfn._xlws.FILTER('RAW_URL,PageName'!D$2:D$999, ('RAW_URL,PageName'!$C$2:$C$999=$G69)*('RAW_URL,PageName'!$B$2:$B$999="LY"), ""))} | R69: {=_xlfn.TEXTJOIN(CHAR(10), 1, _xlfn._xlws.FILTER('RAW_URL,PageName'!E$2:E$999, ('RAW_URL,PageName'!$C$2:$C$999=$G69)*('RAW_URL,PageName'!$B$2:$B$999="LY"), ""))} | S69: {=_xlfn.TEXTJOIN(CHAR(10), 1, _xlfn._xlws.FILTER('RAW_URL,PageName'!F$2:F$999, ('RAW_URL,PageName'!$C$2:$C$999=$G69)*('RAW_URL,PageName'!$B$2:$B$999="LY"), ""))} | U69: =IFERROR(VLOOKUP($C69,태깅기획site_code!$N$4:$O$18,2,0),"") -> 3 | W69: 2 | X69: EU | Y69: XADNU | Z69: Sweden | AA69: Sweden | AB69: se | AC69: X | AE69: =IF(AD69="","",IF(IF(AD69>api용!D$2,api용!D$2,AD69)<AC69,"",IF(AD69>api용!D$2,api용!D$2,AD69)))
B70: =IF($G70="","",IFERROR(VLOOKUP($G70,RAW_tier!$B$2:$C$200,2,0),2)) -> 2 | C70: =IF(ISBLANK(태깅기획site_code!F69),"",태깅기획site_code!C69) -> S.E.Asia | D70: =IF(ISBLANK(태깅기획site_code!F69),"",IF(고객법인일정파일!P69="한총","SEC",IF(LEN(TRIM(고객법인일정파일!P69))=0,태깅기획site_code!D69,고객법인일정파일!P69))) -> XADPCO | E70: =IF(ISBLANK(태깅기획site_code!F69),"",태깅기획site_code!E69) -> Philippines | F70: =IF(ISBLANK(태깅기획site_code!F69),"",태깅기획site_code!J69) -> Philippines | G70: =IF(ISBLANK(태깅기획site_code!B69),"",태깅기획site_code!F69) -> ph | H70: =IF(ISBLANK(태깅기획site_code!F69),"",IF(고객법인일정파일!Q69="X","X",고객법인일정파일!R69)) -> 46038 | I70: =IF(ISBLANK(태깅기획site_code!F69),"",IF(고객법인일정파일!Q69="X","",고객법인일정파일!S69)) -> 46064 | M70: =IF(D70="","",VLOOKUP(D70,고객법인일정파일!$C$5:$J$200,8,0))&"" | N70: {=_xlfn.TEXTJOIN(CHAR(10), 1, _xlfn._xlws.FILTER('RAW_URL,PageName'!D$2:D$999, ('RAW_URL,PageName'!$C$2:$C$999=$G70)*('RAW_URL,PageName'!$B$2:$B$999="TY"), ""))} | O70: {=_xlfn.TEXTJOIN(CHAR(10), 1, _xlfn._xlws.FILTER('RAW_URL,PageName'!E$2:E$999, ('RAW_URL,PageName'!$C$2:$C$999=$G70)*('RAW_URL,PageName'!$B$2:$B$999="TY"), ""))} | P70: {=_xlfn.TEXTJOIN(CHAR(10), 1, _xlfn._xlws.FILTER('RAW_URL,PageName'!F$2:F$999, ('RAW_URL,PageName'!$C$2:$C$999=$G70)*('RAW_URL,PageName'!$B$2:$B$999="TY"), ""))} | Q70: {=_xlfn.TEXTJOIN(CHAR(10), 1, _xlfn._xlws.FILTER('RAW_URL,PageName'!D$2:D$999, ('RAW_URL,PageName'!$C$2:$C$999=$G70)*('RAW_URL,PageName'!$B$2:$B$999="LY"), ""))} | R70: {=_xlfn.TEXTJOIN(CHAR(10), 1, _xlfn._xlws.FILTER('RAW_URL,PageName'!E$2:E$999, ('RAW_URL,PageName'!$C$2:$C$999=$G70)*('RAW_URL,PageName'!$B$2:$B$999="LY"), ""))} | S70: {=_xlfn.TEXTJOIN(CHAR(10), 1, _xlfn._xlws.FILTER('RAW_URL,PageName'!F$2:F$999, ('RAW_URL,PageName'!$C$2:$C$999=$G70)*('RAW_URL,PageName'!$B$2:$B$999="LY"), ""))} | U70: =IFERROR(VLOOKUP($C70,태깅기획site_code!$N$4:$O$18,2,0),"") -> 4 | W70: 2 | X70: S.E.Asia | Y70: XADXP | Z70: Singapore | AA70: Singapore | AB70: sg | AC70: X | AE70: =IF(AD70="","",IF(IF(AD70>api용!D$2,api용!D$2,AD70)<AC70,"",IF(AD70>api용!D$2,api용!D$2,AD70)))
B71: =IF($G71="","",IFERROR(VLOOKUP($G71,RAW_tier!$B$2:$C$200,2,0),2)) -> 2 | C71: =IF(ISBLANK(태깅기획site_code!F70),"",태깅기획site_code!C70) -> MENA | D71: =IF(ISBLANK(태깅기획site_code!F70),"",IF(고객법인일정파일!P70="한총","SEC",IF(LEN(TRIM(고객법인일정파일!P70))=0,태깅기획site_code!D70,고객법인일정파일!P70))) -> XADPUK | E71: =IF(ISBLANK(태깅기획site_code!F70),"",태깅기획site_code!E70) -> Pakistan | F71: =IF(ISBLANK(태깅기획site_code!F70),"",태깅기획site_code!J70) -> Pakistan | G71: =IF(ISBLANK(태깅기획site_code!B70),"",태깅기획site_code!F70) -> pk | H71: =IF(ISBLANK(태깅기획site_code!F70),"",IF(고객법인일정파일!Q70="X","X",고객법인일정파일!R70)) -> 46064 | I71: =IF(ISBLANK(태깅기획site_code!F70),"",IF(고객법인일정파일!Q70="X","",고객법인일정파일!S70)) -> TBC | K71: 45788 | L71: TBD | M71: =IF(D71="","",VLOOKUP(D71,고객법인일정파일!$C$5:$J$200,8,0))&"" -> Note1-test XADUX-UT | N71: {=_xlfn.TEXTJOIN(CHAR(10), 1, _xlfn._xlws.FILTER('RAW_URL,PageName'!D$2:D$999, ('RAW_URL,PageName'!$C$2:$C$999=$G71)*('RAW_URL,PageName'!$B$2:$B$999="TY"), ""))} | O71: {=_xlfn.TEXTJOIN(CHAR(10), 1, _xlfn._xlws.FILTER('RAW_URL,PageName'!E$2:E$999, ('RAW_URL,PageName'!$C$2:$C$999=$G71)*('RAW_URL,PageName'!$B$2:$B$999="TY"), ""))} | P71: {=_xlfn.TEXTJOIN(CHAR(10), 1, _xlfn._xlws.FILTER('RAW_URL,PageName'!F$2:F$999, ('RAW_URL,PageName'!$C$2:$C$999=$G71)*('RAW_URL,PageName'!$B$2:$B$999="TY"), ""))} | Q71: {=_xlfn.TEXTJOIN(CHAR(10), 1, _xlfn._xlws.FILTER('RAW_URL,PageName'!D$2:D$999, ('RAW_URL,PageName'!$C$2:$C$999=$G71)*('RAW_URL,PageName'!$B$2:$B$999="LY"), ""))} | R71: {=_xlfn.TEXTJOIN(CHAR(10), 1, _xlfn._xlws.FILTER('RAW_URL,PageName'!E$2:E$999, ('RAW_URL,PageName'!$C$2:$C$999=$G71)*('RAW_URL,PageName'!$B$2:$B$999="LY"), ""))} | S71: {=_xlfn.TEXTJOIN(CHAR(10), 1, _xlfn._xlws.FILTER('RAW_URL,PageName'!F$2:F$999, ('RAW_URL,PageName'!$C$2:$C$999=$G71)*('RAW_URL,PageName'!$B$2:$B$999="LY"), ""))} | U71: =IFERROR(VLOOKUP($C71,태깅기획site_code!$N$4:$O$18,2,0),"") -> 6 | W71: 2 | X71: EU | Y71: XADUD | Z71: Slovenia | AA71: Slovenia | AB71: si | AC71: X | AE71: =IF(AD71="","",IF(IF(AD71>api용!D$2,api용!D$2,AD71)<AC71,"",IF(AD71>api용!D$2,api용!D$2,AD71)))
B72: =IF($G72="","",IFERROR(VLOOKUP($G72,RAW_tier!$B$2:$C$200,2,0),2)) -> 2 | C72: =IF(ISBLANK(태깅기획site_code!F71),"",태깅기획site_code!C71) -> EU | D72: =IF(ISBLANK(태깅기획site_code!F71),"",IF(고객법인일정파일!P71="한총","SEC",IF(LEN(TRIM(고객법인일정파일!P71))=0,태깅기획site_code!D71,고객법인일정파일!P71))) -> XADPOL | E72: =IF(ISBLANK(태깅기획site_code!F71),"",태깅기획site_code!E71) -> Poland | F72: =IF(ISBLANK(태깅기획site_code!F71),"",태깅기획site_code!J71) -> Poland | G72: =IF(ISBLANK(태깅기획site_code!B71),"",태깅기획site_code!F71) -> pl | H72: =IF(ISBLANK(태깅기획site_code!F71),"",IF(고객법인일정파일!Q71="X","X",고객법인일정파일!R71)) | I72: =IF(ISBLANK(태깅기획site_code!F71),"",IF(고객법인일정파일!Q71="X","",고객법인일정파일!S71)) | K72: TBD | L72: TBD | M72: =IF(D72="","",VLOOKUP(D72,고객법인일정파일!$C$5:$J$200,8,0))&"" | N72: {=_xlfn.TEXTJOIN(CHAR(10), 1, _xlfn._xlws.FILTER('RAW_URL,PageName'!D$2:D$999, ('RAW_URL,PageName'!$C$2:$C$999=$G72)*('RAW_URL,PageName'!$B$2:$B$999="TY"), ""))} | O72: {=_xlfn.TEXTJOIN(CHAR(10), 1, _xlfn._xlws.FILTER('RAW_URL,PageName'!E$2:E$999, ('RAW_URL,PageName'!$C$2:$C$999=$G72)*('RAW_URL,PageName'!$B$2:$B$999="TY"), ""))} | P72: {=_xlfn.TEXTJOIN(CHAR(10), 1, _xlfn._xlws.FILTER('RAW_URL,PageName'!F$2:F$999, ('RAW_URL,PageName'!$C$2:$C$999=$G72)*('RAW_URL,PageName'!$B$2:$B$999="TY"), ""))} | Q72: {=_xlfn.TEXTJOIN(CHAR(10), 1, _xlfn._xlws.FILTER('RAW_URL,PageName'!D$2:D$999, ('RAW_URL,PageName'!$C$2:$C$999=$G72)*('RAW_URL,PageName'!$B$2:$B$999="LY"), ""))} | R72: {=_xlfn.TEXTJOIN(CHAR(10), 1, _xlfn._xlws.FILTER('RAW_URL,PageName'!E$2:E$999, ('RAW_URL,PageName'!$C$2:$C$999=$G72)*('RAW_URL,PageName'!$B$2:$B$999="LY"), ""))} | S72: {=_xlfn.TEXTJOIN(CHAR(10), 1, _xlfn._xlws.FILTER('RAW_URL,PageName'!F$2:F$999, ('RAW_URL,PageName'!$C$2:$C$999=$G72)*('RAW_URL,PageName'!$B$2:$B$999="LY"), ""))} | U72: =IFERROR(VLOOKUP($C72,태깅기획site_code!$N$4:$O$18,2,0),"") -> 2 | W72: 2 | X72: EU | Y72: XADCZ | Z72: Slovakia | AA72: Slovakia | AB72: sk | AC72: 46054 | AD72: 46063 | AE72: =IF(AD72="","",IF(IF(AD72>api용!D$2,api용!D$2,AD72)<AC72,"",IF(AD72>api용!D$2,api용!D$2,AD72))) -> 46063
B73: =IF($G73="","",IFERROR(VLOOKUP($G73,RAW_tier!$B$2:$C$200,2,0),2)) -> 2 | C73: =IF(ISBLANK(태깅기획site_code!F72),"",태깅기획site_code!C72) -> MENA | D73: =IF(ISBLANK(태깅기획site_code!F72),"",IF(고객법인일정파일!P72="한총","SEC",IF(LEN(TRIM(고객법인일정파일!P72))=0,태깅기획site_code!D72,고객법인일정파일!P72))) -> XADIL | E73: =IF(ISBLANK(태깅기획site_code!F72),"",태깅기획site_code!E72) -> Palestine | F73: =IF(ISBLANK(태깅기획site_code!F72),"",태깅기획site_code!J72) -> Palestine | G73: =IF(ISBLANK(태깅기획site_code!B72),"",태깅기획site_code!F72) -> ps | H73: =IF(ISBLANK(태깅기획site_code!F72),"",IF(고객법인일정파일!Q72="X","X",고객법인일정파일!R72)) -> X | I73: =IF(ISBLANK(태깅기획site_code!F72),"",IF(고객법인일정파일!Q72="X","",고객법인일정파일!S72)) | K73: TBD | L73: TBD | M73: =IF(D73="","",VLOOKUP(D73,고객법인일정파일!$C$5:$J$200,8,0))&"" | N73: {=_xlfn.TEXTJOIN(CHAR(10), 1, _xlfn._xlws.FILTER('RAW_URL,PageName'!D$2:D$999, ('RAW_URL,PageName'!$C$2:$C$999=$G73)*('RAW_URL,PageName'!$B$2:$B$999="TY"), ""))} | O73: {=_xlfn.TEXTJOIN(CHAR(10), 1, _xlfn._xlws.FILTER('RAW_URL,PageName'!E$2:E$999, ('RAW_URL,PageName'!$C$2:$C$999=$G73)*('RAW_URL,PageName'!$B$2:$B$999="TY"), ""))} | P73: {=_xlfn.TEXTJOIN(CHAR(10), 1, _xlfn._xlws.FILTER('RAW_URL,PageName'!F$2:F$999, ('RAW_URL,PageName'!$C$2:$C$999=$G73)*('RAW_URL,PageName'!$B$2:$B$999="TY"), ""))} | Q73: {=_xlfn.TEXTJOIN(CHAR(10), 1, _xlfn._xlws.FILTER('RAW_URL,PageName'!D$2:D$999, ('RAW_URL,PageName'!$C$2:$C$999=$G73)*('RAW_URL,PageName'!$B$2:$B$999="LY"), ""))} | R73: {=_xlfn.TEXTJOIN(CHAR(10), 1, _xlfn._xlws.FILTER('RAW_URL,PageName'!E$2:E$999, ('RAW_URL,PageName'!$C$2:$C$999=$G73)*('RAW_URL,PageName'!$B$2:$B$999="LY"), ""))} | S73: {=_xlfn.TEXTJOIN(CHAR(10), 1, _xlfn._xlws.FILTER('RAW_URL,PageName'!F$2:F$999, ('RAW_URL,PageName'!$C$2:$C$999=$G73)*('RAW_URL,PageName'!$B$2:$B$999="LY"), ""))} | U73: =IFERROR(VLOOKUP($C73,태깅기획site_code!$N$4:$O$18,2,0),"") -> 6 | W73: 2 | X73: S.E.Asia | Y73: TXAD-TH | Z73: Thailand | AA73: Thailand | AB73: th | AC73: 46243 | AD73: 46246 | AE73: =IF(AD73="","",IF(IF(AD73>api용!D$2,api용!D$2,AD73)<AC73,"",IF(AD73>api용!D$2,api용!D$2,AD73)))
B74: =IF($G74="","",IFERROR(VLOOKUP($G74,RAW_tier!$B$2:$C$200,2,0),2)) -> 2 | C74: =IF(ISBLANK(태깅기획site_code!F73),"",태깅기획site_code!C73) -> EU | D74: =IF(ISBLANK(태깅기획site_code!F73),"",IF(고객법인일정파일!P73="한총","SEC",IF(LEN(TRIM(고객법인일정파일!P73))=0,태깅기획site_code!D73,고객법인일정파일!P73))) -> XADIB-PT | E74: =IF(ISBLANK(태깅기획site_code!F73),"",태깅기획site_code!E73) -> Portugal | F74: =IF(ISBLANK(태깅기획site_code!F73),"",태깅기획site_code!J73) -> Portugal | G74: =IF(ISBLANK(태깅기획site_code!B73),"",태깅기획site_code!F73) -> pt | H74: =IF(ISBLANK(태깅기획site_code!F73),"",IF(고객법인일정파일!Q73="X","X",고객법인일정파일!R73)) -> 46042 | I74: =IF(ISBLANK(태깅기획site_code!F73),"",IF(고객법인일정파일!Q73="X","",고객법인일정파일!S73)) -> 46063 | K74: 45767 | L74: 45787 | M74: =IF(D74="","",VLOOKUP(D74,고객법인일정파일!$C$5:$J$200,8,0))&"" | N74: {=_xlfn.TEXTJOIN(CHAR(10), 1, _xlfn._xlws.FILTER('RAW_URL,PageName'!D$2:D$999, ('RAW_URL,PageName'!$C$2:$C$999=$G74)*('RAW_URL,PageName'!$B$2:$B$999="TY"), ""))} | O74: {=_xlfn.TEXTJOIN(CHAR(10), 1, _xlfn._xlws.FILTER('RAW_URL,PageName'!E$2:E$999, ('RAW_URL,PageName'!$C$2:$C$999=$G74)*('RAW_URL,PageName'!$B$2:$B$999="TY"), ""))} | P74: {=_xlfn.TEXTJOIN(CHAR(10), 1, _xlfn._xlws.FILTER('RAW_URL,PageName'!F$2:F$999, ('RAW_URL,PageName'!$C$2:$C$999=$G74)*('RAW_URL,PageName'!$B$2:$B$999="TY"), ""))} | Q74: {=_xlfn.TEXTJOIN(CHAR(10), 1, _xlfn._xlws.FILTER('RAW_URL,PageName'!D$2:D$999, ('RAW_URL,PageName'!$C$2:$C$999=$G74)*('RAW_URL,PageName'!$B$2:$B$999="LY"), ""))} | R74: {=_xlfn.TEXTJOIN(CHAR(10), 1, _xlfn._xlws.FILTER('RAW_URL,PageName'!E$2:E$999, ('RAW_URL,PageName'!$C$2:$C$999=$G74)*('RAW_URL,PageName'!$B$2:$B$999="LY"), ""))} | S74: {=_xlfn.TEXTJOIN(CHAR(10), 1, _xlfn._xlws.FILTER('RAW_URL,PageName'!F$2:F$999, ('RAW_URL,PageName'!$C$2:$C$999=$G74)*('RAW_URL,PageName'!$B$2:$B$999="LY"), ""))} | U74: =IFERROR(VLOOKUP($C74,태깅기획site_code!$N$4:$O$18,2,0),"") -> 2 | W74: 2 | X74: China | Y74: XADT | Z74: Taiwan | AA74: Taiwan | AB74: tw | AC74: 46054 | AD74: 46063 | AE74: =IF(AD74="","",IF(IF(AD74>api용!D$2,api용!D$2,AD74)<AC74,"",IF(AD74>api용!D$2,api용!D$2,AD74))) -> 46063
B75: =IF($G75="","",IFERROR(VLOOKUP($G75,RAW_tier!$B$2:$C$200,2,0),2)) -> 2 | C75: =IF(ISBLANK(태깅기획site_code!F74),"",태깅기획site_code!C74) -> L.America | D75: =IF(ISBLANK(태깅기획site_code!F74),"",IF(고객법인일정파일!P74="한총","SEC",IF(LEN(TRIM(고객법인일정파일!P74))=0,태깅기획site_code!D74,고객법인일정파일!P74))) -> XADLU | E75: =IF(ISBLANK(태깅기획site_code!F74),"",태깅기획site_code!E74) -> Paraguay | F75: =IF(ISBLANK(태깅기획site_code!F74),"",태깅기획site_code!J74) -> Paraguay | G75: =IF(ISBLANK(태깅기획site_code!B74),"",태깅기획site_code!F74) -> py | H75: =IF(ISBLANK(태깅기획site_code!F74),"",IF(고객법인일정파일!Q74="X","X",고객법인일정파일!R74)) -> 46042 | I75: =IF(ISBLANK(태깅기획site_code!F74),"",IF(고객법인일정파일!Q74="X","",고객법인일정파일!S74)) -> 46063 | K75: 45767 | L75: 45787 | M75: =IF(D75="","",VLOOKUP(D75,고객법인일정파일!$C$5:$J$200,8,0))&"" | N75: {=_xlfn.TEXTJOIN(CHAR(10), 1, _xlfn._xlws.FILTER('RAW_URL,PageName'!D$2:D$999, ('RAW_URL,PageName'!$C$2:$C$999=$G75)*('RAW_URL,PageName'!$B$2:$B$999="TY"), ""))} | O75: {=_xlfn.TEXTJOIN(CHAR(10), 1, _xlfn._xlws.FILTER('RAW_URL,PageName'!E$2:E$999, ('RAW_URL,PageName'!$C$2:$C$999=$G75)*('RAW_URL,PageName'!$B$2:$B$999="TY"), ""))} | P75: {=_xlfn.TEXTJOIN(CHAR(10), 1, _xlfn._xlws.FILTER('RAW_URL,PageName'!F$2:F$999, ('RAW_URL,PageName'!$C$2:$C$999=$G75)*('RAW_URL,PageName'!$B$2:$B$999="TY"), ""))} | Q75: {=_xlfn.TEXTJOIN(CHAR(10), 1, _xlfn._xlws.FILTER('RAW_URL,PageName'!D$2:D$999, ('RAW_URL,PageName'!$C$2:$C$999=$G75)*('RAW_URL,PageName'!$B$2:$B$999="LY"), ""))} | R75: {=_xlfn.TEXTJOIN(CHAR(10), 1, _xlfn._xlws.FILTER('RAW_URL,PageName'!E$2:E$999, ('RAW_URL,PageName'!$C$2:$C$999=$G75)*('RAW_URL,PageName'!$B$2:$B$999="LY"), ""))} | S75: {=_xlfn.TEXTJOIN(CHAR(10), 1, _xlfn._xlws.FILTER('RAW_URL,PageName'!F$2:F$999, ('RAW_URL,PageName'!$C$2:$C$999=$G75)*('RAW_URL,PageName'!$B$2:$B$999="LY"), ""))} | U75: =IFERROR(VLOOKUP($C75,태깅기획site_code!$N$4:$O$18,2,0),"") -> 3 | W75: 2 | X75: L.America | Y75: XADLU | Z75: Uruguay | AA75: Uruguay | AB75: uy | AC75: 46042 | AD75: 46063 | AE75: =IF(AD75="","",IF(IF(AD75>api용!D$2,api용!D$2,AD75)<AC75,"",IF(AD75>api용!D$2,api용!D$2,AD75))) -> 46063
B76: =IF($G76="","",IFERROR(VLOOKUP($G76,RAW_tier!$B$2:$C$200,2,0),2)) -> 2 | C76: =IF(ISBLANK(태깅기획site_code!F75),"",태깅기획site_code!C75) -> EU | D76: =IF(ISBLANK(태깅기획site_code!F75),"",IF(고객법인일정파일!P75="한총","SEC",IF(LEN(TRIM(고객법인일정파일!P75))=0,태깅기획site_code!D75,고객법인일정파일!P75))) -> XADROM | E76: =IF(ISBLANK(태깅기획site_code!F75),"",태깅기획site_code!E75) -> Romania | F76: =IF(ISBLANK(태깅기획site_code!F75),"",태깅기획site_code!J75) -> Romania | G76: =IF(ISBLANK(태깅기획site_code!B75),"",태깅기획site_code!F75) -> ro | H76: =IF(ISBLANK(태깅기획site_code!F75),"",IF(고객법인일정파일!Q75="X","X",고객법인일정파일!R75)) -> 46113 | I76: =IF(ISBLANK(태깅기획site_code!F75),"",IF(고객법인일정파일!Q75="X","",고객법인일정파일!S75)) -> 46122 | K76: 45720 | L76: 45726 | M76: =IF(D76="","",VLOOKUP(D76,고객법인일정파일!$C$5:$J$200,8,0))&"" -> Note1-test XADROM | N76: {=_xlfn.TEXTJOIN(CHAR(10), 1, _xlfn._xlws.FILTER('RAW_URL,PageName'!D$2:D$999, ('RAW_URL,PageName'!$C$2:$C$999=$G76)*('RAW_URL,PageName'!$B$2:$B$999="TY"), ""))} | O76: {=_xlfn.TEXTJOIN(CHAR(10), 1, _xlfn._xlws.FILTER('RAW_URL,PageName'!E$2:E$999, ('RAW_URL,PageName'!$C$2:$C$999=$G76)*('RAW_URL,PageName'!$B$2:$B$999="TY"), ""))} | P76: {=_xlfn.TEXTJOIN(CHAR(10), 1, _xlfn._xlws.FILTER('RAW_URL,PageName'!F$2:F$999, ('RAW_URL,PageName'!$C$2:$C$999=$G76)*('RAW_URL,PageName'!$B$2:$B$999="TY"), ""))} | Q76: {=_xlfn.TEXTJOIN(CHAR(10), 1, _xlfn._xlws.FILTER('RAW_URL,PageName'!D$2:D$999, ('RAW_URL,PageName'!$C$2:$C$999=$G76)*('RAW_URL,PageName'!$B$2:$B$999="LY"), ""))} | R76: {=_xlfn.TEXTJOIN(CHAR(10), 1, _xlfn._xlws.FILTER('RAW_URL,PageName'!E$2:E$999, ('RAW_URL,PageName'!$C$2:$C$999=$G76)*('RAW_URL,PageName'!$B$2:$B$999="LY"), ""))} | S76: {=_xlfn.TEXTJOIN(CHAR(10), 1, _xlfn._xlws.FILTER('RAW_URL,PageName'!F$2:F$999, ('RAW_URL,PageName'!$C$2:$C$999=$G76)*('RAW_URL,PageName'!$B$2:$B$999="LY"), ""))} | U76: =IFERROR(VLOOKUP($C76,태깅기획site_code!$N$4:$O$18,2,0),"") -> 2 | W76: 2 | X76: S.E.Asia | Y76: XUVINU | Z76: Vietnam | AA76: Vietnam | AB76: vn | AC76: 46054 | AD76: 46067 | AE76: =IF(AD76="","",IF(IF(AD76>api용!D$2,api용!D$2,AD76)<AC76,"",IF(AD76>api용!D$2,api용!D$2,AD76))) -> 46067
B77: =IF($G77="","",IFERROR(VLOOKUP($G77,RAW_tier!$B$2:$C$200,2,0),2)) -> 2 | C77: =IF(ISBLANK(태깅기획site_code!F76),"",태깅기획site_code!C76) -> EU | D77: =IF(ISBLANK(태깅기획site_code!F76),"",IF(고객법인일정파일!P76="한총","SEC",IF(LEN(TRIM(고객법인일정파일!P76))=0,태깅기획site_code!D76,고객법인일정파일!P76))) -> XADUD | E77: =IF(ISBLANK(태깅기획site_code!F76),"",태깅기획site_code!E76) -> Serbia | F77: =IF(ISBLANK(태깅기획site_code!F76),"",태깅기획site_code!J76) -> Serbia | G77: =IF(ISBLANK(태깅기획site_code!B76),"",태깅기획site_code!F76) -> rs | H77: =IF(ISBLANK(태깅기획site_code!F76),"",IF(고객법인일정파일!Q76="X","X",고객법인일정파일!R76)) -> X | I77: =IF(ISBLANK(태깅기획site_code!F76),"",IF(고객법인일정파일!Q76="X","",고객법인일정파일!S76)) | K77: TBD | L77: TBD | M77: =IF(D77="","",VLOOKUP(D77,고객법인일정파일!$C$5:$J$200,8,0))&"" -> Note1-test XADUX-UT | N77: {=_xlfn.TEXTJOIN(CHAR(10), 1, _xlfn._xlws.FILTER('RAW_URL,PageName'!D$2:D$999, ('RAW_URL,PageName'!$C$2:$C$999=$G77)*('RAW_URL,PageName'!$B$2:$B$999="TY"), ""))} | O77: {=_xlfn.TEXTJOIN(CHAR(10), 1, _xlfn._xlws.FILTER('RAW_URL,PageName'!E$2:E$999, ('RAW_URL,PageName'!$C$2:$C$999=$G77)*('RAW_URL,PageName'!$B$2:$B$999="TY"), ""))} | P77: {=_xlfn.TEXTJOIN(CHAR(10), 1, _xlfn._xlws.FILTER('RAW_URL,PageName'!F$2:F$999, ('RAW_URL,PageName'!$C$2:$C$999=$G77)*('RAW_URL,PageName'!$B$2:$B$999="TY"), ""))} | Q77: {=_xlfn.TEXTJOIN(CHAR(10), 1, _xlfn._xlws.FILTER('RAW_URL,PageName'!D$2:D$999, ('RAW_URL,PageName'!$C$2:$C$999=$G77)*('RAW_URL,PageName'!$B$2:$B$999="LY"), ""))} | R77: {=_xlfn.TEXTJOIN(CHAR(10), 1, _xlfn._xlws.FILTER('RAW_URL,PageName'!E$2:E$999, ('RAW_URL,PageName'!$C$2:$C$999=$G77)*('RAW_URL,PageName'!$B$2:$B$999="LY"), ""))} | S77: {=_xlfn.TEXTJOIN(CHAR(10), 1, _xlfn._xlws.FILTER('RAW_URL,PageName'!F$2:F$999, ('RAW_URL,PageName'!$C$2:$C$999=$G77)*('RAW_URL,PageName'!$B$2:$B$999="LY"), ""))} | U77: =IFERROR(VLOOKUP($C77,태깅기획site_code!$N$4:$O$18,2,0),"") -> 2 | W77: 2 | X77: Africa | Y77: XXU (ZU) | Z77: South Africa | AA77: South Africa | AB77: za | AC77: 46042 | AD77: 46063 | AE77: =IF(AD77="","",IF(IF(AD77>api용!D$2,api용!D$2,AD77)<AC77,"",IF(AD77>api용!D$2,api용!D$2,AD77))) -> 46063
B78: =IF($G78="","",IFERROR(VLOOKUP($G78,RAW_tier!$B$2:$C$200,2,0),2)) -> 2 | C78: =IF(ISBLANK(태깅기획site_code!F77),"",태깅기획site_code!C77) -> CIS | D78: =IF(ISBLANK(태깅기획site_code!F77),"",IF(고객법인일정파일!P77="한총","SEC",IF(LEN(TRIM(고객법인일정파일!P77))=0,태깅기획site_code!D77,고객법인일정파일!P77))) -> XADRC | E78: =IF(ISBLANK(태깅기획site_code!F77),"",태깅기획site_code!E77) -> Russia | F78: =IF(ISBLANK(태깅기획site_code!F77),"",태깅기획site_code!J77) -> Russia | G78: =IF(ISBLANK(태깅기획site_code!B77),"",태깅기획site_code!F77) -> ru | H78: =IF(ISBLANK(태깅기획site_code!F77),"",IF(고객법인일정파일!Q77="X","X",고객법인일정파일!R77)) | I78: =IF(ISBLANK(태깅기획site_code!F77),"",IF(고객법인일정파일!Q77="X","",고객법인일정파일!S77)) | K78: TBD | L78: TBD | M78: =IF(D78="","",VLOOKUP(D78,고객법인일정파일!$C$5:$J$200,8,0))&"" -> #N/A | N78: {=_xlfn.TEXTJOIN(CHAR(10), 1, _xlfn._xlws.FILTER('RAW_URL,PageName'!D$2:D$999, ('RAW_URL,PageName'!$C$2:$C$999=$G78)*('RAW_URL,PageName'!$B$2:$B$999="TY"), ""))} | O78: {=_xlfn.TEXTJOIN(CHAR(10), 1, _xlfn._xlws.FILTER('RAW_URL,PageName'!E$2:E$999, ('RAW_URL,PageName'!$C$2:$C$999=$G78)*('RAW_URL,PageName'!$B$2:$B$999="TY"), ""))} | P78: {=_xlfn.TEXTJOIN(CHAR(10), 1, _xlfn._xlws.FILTER('RAW_URL,PageName'!F$2:F$999, ('RAW_URL,PageName'!$C$2:$C$999=$G78)*('RAW_URL,PageName'!$B$2:$B$999="TY"), ""))} | Q78: {=_xlfn.TEXTJOIN(CHAR(10), 1, _xlfn._xlws.FILTER('RAW_URL,PageName'!D$2:D$999, ('RAW_URL,PageName'!$C$2:$C$999=$G78)*('RAW_URL,PageName'!$B$2:$B$999="LY"), ""))} | R78: {=_xlfn.TEXTJOIN(CHAR(10), 1, _xlfn._xlws.FILTER('RAW_URL,PageName'!E$2:E$999, ('RAW_URL,PageName'!$C$2:$C$999=$G78)*('RAW_URL,PageName'!$B$2:$B$999="LY"), ""))} | S78: {=_xlfn.TEXTJOIN(CHAR(10), 1, _xlfn._xlws.FILTER('RAW_URL,PageName'!F$2:F$999, ('RAW_URL,PageName'!$C$2:$C$999=$G78)*('RAW_URL,PageName'!$B$2:$B$999="LY"), ""))} | U78: =IFERROR(VLOOKUP($C78,태깅기획site_code!$N$4:$O$18,2,0),"") -> 7 | AE78: =IF(AD78="","",IF(IF(AD78>api용!D$2,api용!D$2,AD78)<AC78,"",IF(AD78>api용!D$2,api용!D$2,AD78)))
B79: =IF($G79="","",IFERROR(VLOOKUP($G79,RAW_tier!$B$2:$C$200,2,0),2)) -> 2 | C79: =IF(ISBLANK(태깅기획site_code!F78),"",태깅기획site_code!C78) -> MENA | D79: =IF(ISBLANK(태깅기획site_code!F78),"",IF(고객법인일정파일!P78="한총","SEC",IF(LEN(TRIM(고객법인일정파일!P78))=0,태깅기획site_code!D78,고객법인일정파일!P78))) -> XADXUR | E79: =IF(ISBLANK(태깅기획site_code!F78),"",태깅기획site_code!E78) -> Saudi Arabia | F79: =IF(ISBLANK(태깅기획site_code!F78),"",태깅기획site_code!J78) -> Saudi Arabia | G79: =IF(ISBLANK(태깅기획site_code!B78),"",태깅기획site_code!F78) -> sa | H79: =IF(ISBLANK(태깅기획site_code!F78),"",IF(고객법인일정파일!Q78="X","X",고객법인일정파일!R78)) -> X | I79: =IF(ISBLANK(태깅기획site_code!F78),"",IF(고객법인일정파일!Q78="X","",고객법인일정파일!S78)) | K79: TBD | L79: TBD | M79: =IF(D79="","",VLOOKUP(D79,고객법인일정파일!$C$5:$J$200,8,0))&"" | N79: {=_xlfn.TEXTJOIN(CHAR(10), 1, _xlfn._xlws.FILTER('RAW_URL,PageName'!D$2:D$999, ('RAW_URL,PageName'!$C$2:$C$999=$G79)*('RAW_URL,PageName'!$B$2:$B$999="TY"), ""))} | O79: {=_xlfn.TEXTJOIN(CHAR(10), 1, _xlfn._xlws.FILTER('RAW_URL,PageName'!E$2:E$999, ('RAW_URL,PageName'!$C$2:$C$999=$G79)*('RAW_URL,PageName'!$B$2:$B$999="TY"), ""))} | P79: {=_xlfn.TEXTJOIN(CHAR(10), 1, _xlfn._xlws.FILTER('RAW_URL,PageName'!F$2:F$999, ('RAW_URL,PageName'!$C$2:$C$999=$G79)*('RAW_URL,PageName'!$B$2:$B$999="TY"), ""))} | Q79: {=_xlfn.TEXTJOIN(CHAR(10), 1, _xlfn._xlws.FILTER('RAW_URL,PageName'!D$2:D$999, ('RAW_URL,PageName'!$C$2:$C$999=$G79)*('RAW_URL,PageName'!$B$2:$B$999="LY"), ""))} | R79: {=_xlfn.TEXTJOIN(CHAR(10), 1, _xlfn._xlws.FILTER('RAW_URL,PageName'!E$2:E$999, ('RAW_URL,PageName'!$C$2:$C$999=$G79)*('RAW_URL,PageName'!$B$2:$B$999="LY"), ""))} | S79: {=_xlfn.TEXTJOIN(CHAR(10), 1, _xlfn._xlws.FILTER('RAW_URL,PageName'!F$2:F$999, ('RAW_URL,PageName'!$C$2:$C$999=$G79)*('RAW_URL,PageName'!$B$2:$B$999="LY"), ""))} | U79: =IFERROR(VLOOKUP($C79,태깅기획site_code!$N$4:$O$18,2,0),"") -> 6 | AE79: =IF(AD79="","",IF(IF(AD79>api용!D$2,api용!D$2,AD79)<AC79,"",IF(AD79>api용!D$2,api용!D$2,AD79)))
B80: =IF($G80="","",IFERROR(VLOOKUP($G80,RAW_tier!$B$2:$C$200,2,0),2)) -> 2 | C80: =IF(ISBLANK(태깅기획site_code!F79),"",태깅기획site_code!C79) -> MENA | D80: =IF(ISBLANK(태깅기획site_code!F79),"",IF(고객법인일정파일!P79="한총","SEC",IF(LEN(TRIM(고객법인일정파일!P79))=0,태깅기획site_code!D79,고객법인일정파일!P79))) -> XADXUR | E80: =IF(ISBLANK(태깅기획site_code!F79),"",태깅기획site_code!E79) -> Saudi Arabia | F80: =IF(ISBLANK(태깅기획site_code!F79),"",태깅기획site_code!J79) -> Saudi Arabia (en) | G80: =IF(ISBLANK(태깅기획site_code!B79),"",태깅기획site_code!F79) -> sa_en | H80: =IF(ISBLANK(태깅기획site_code!F79),"",IF(고객법인일정파일!Q79="X","X",고객법인일정파일!R79)) -> X | I80: =IF(ISBLANK(태깅기획site_code!F79),"",IF(고객법인일정파일!Q79="X","",고객법인일정파일!S79)) | K80: TBD | L80: TBD | M80: =IF(D80="","",VLOOKUP(D80,고객법인일정파일!$C$5:$J$200,8,0))&"" | N80: {=_xlfn.TEXTJOIN(CHAR(10), 1, _xlfn._xlws.FILTER('RAW_URL,PageName'!D$2:D$999, ('RAW_URL,PageName'!$C$2:$C$999=$G80)*('RAW_URL,PageName'!$B$2:$B$999="TY"), ""))} | O80: {=_xlfn.TEXTJOIN(CHAR(10), 1, _xlfn._xlws.FILTER('RAW_URL,PageName'!E$2:E$999, ('RAW_URL,PageName'!$C$2:$C$999=$G80)*('RAW_URL,PageName'!$B$2:$B$999="TY"), ""))} | P80: {=_xlfn.TEXTJOIN(CHAR(10), 1, _xlfn._xlws.FILTER('RAW_URL,PageName'!F$2:F$999, ('RAW_URL,PageName'!$C$2:$C$999=$G80)*('RAW_URL,PageName'!$B$2:$B$999="TY"), ""))} | Q80: {=_xlfn.TEXTJOIN(CHAR(10), 1, _xlfn._xlws.FILTER('RAW_URL,PageName'!D$2:D$999, ('RAW_URL,PageName'!$C$2:$C$999=$G80)*('RAW_URL,PageName'!$B$2:$B$999="LY"), ""))} | R80: {=_xlfn.TEXTJOIN(CHAR(10), 1, _xlfn._xlws.FILTER('RAW_URL,PageName'!E$2:E$999, ('RAW_URL,PageName'!$C$2:$C$999=$G80)*('RAW_URL,PageName'!$B$2:$B$999="LY"), ""))} | S80: {=_xlfn.TEXTJOIN(CHAR(10), 1, _xlfn._xlws.FILTER('RAW_URL,PageName'!F$2:F$999, ('RAW_URL,PageName'!$C$2:$C$999=$G80)*('RAW_URL,PageName'!$B$2:$B$999="LY"), ""))} | U80: =IFERROR(VLOOKUP($C80,태깅기획site_code!$N$4:$O$18,2,0),"") -> 6 | AE80: =IF(AD80="","",IF(IF(AD80>api용!D$2,api용!D$2,AD80)<AC80,"",IF(AD80>api용!D$2,api용!D$2,AD80)))
B81: =IF($G81="","",IFERROR(VLOOKUP($G81,RAW_tier!$B$2:$C$200,2,0),2)) -> 2 | C81: =IF(ISBLANK(태깅기획site_code!F80),"",태깅기획site_code!C80) -> EU | D81: =IF(ISBLANK(태깅기획site_code!F80),"",IF(고객법인일정파일!P80="한총","SEC",IF(LEN(TRIM(고객법인일정파일!P80))=0,태깅기획site_code!D80,고객법인일정파일!P80))) -> XADNU | E81: =IF(ISBLANK(태깅기획site_code!F80),"",태깅기획site_code!E80) -> Sweden | F81: =IF(ISBLANK(태깅기획site_code!F80),"",태깅기획site_code!J80) -> Sweden | G81: =IF(ISBLANK(태깅기획site_code!B80),"",태깅기획site_code!F80) -> se | H81: =IF(ISBLANK(태깅기획site_code!F80),"",IF(고객법인일정파일!Q80="X","X",고객법인일정파일!R80)) -> X | I81: =IF(ISBLANK(태깅기획site_code!F80),"",IF(고객법인일정파일!Q80="X","",고객법인일정파일!S80)) | K81: TBD | L81: TBD | M81: =IF(D81="","",VLOOKUP(D81,고객법인일정파일!$C$5:$J$200,8,0))&"" -> Note1-test XADBN-NL | N81: {=_xlfn.TEXTJOIN(CHAR(10), 1, _xlfn._xlws.FILTER('RAW_URL,PageName'!D$2:D$999, ('RAW_URL,PageName'!$C$2:$C$999=$G81)*('RAW_URL,PageName'!$B$2:$B$999="TY"), ""))} | O81: {=_xlfn.TEXTJOIN(CHAR(10), 1, _xlfn._xlws.FILTER('RAW_URL,PageName'!E$2:E$999, ('RAW_URL,PageName'!$C$2:$C$999=$G81)*('RAW_URL,PageName'!$B$2:$B$999="TY"), ""))} | P81: {=_xlfn.TEXTJOIN(CHAR(10), 1, _xlfn._xlws.FILTER('RAW_URL,PageName'!F$2:F$999, ('RAW_URL,PageName'!$C$2:$C$999=$G81)*('RAW_URL,PageName'!$B$2:$B$999="TY"), ""))} | Q81: {=_xlfn.TEXTJOIN(CHAR(10), 1, _xlfn._xlws.FILTER('RAW_URL,PageName'!D$2:D$999, ('RAW_URL,PageName'!$C$2:$C$999=$G81)*('RAW_URL,PageName'!$B$2:$B$999="LY"), ""))} | R81: {=_xlfn.TEXTJOIN(CHAR(10), 1, _xlfn._xlws.FILTER('RAW_URL,PageName'!E$2:E$999, ('RAW_URL,PageName'!$C$2:$C$999=$G81)*('RAW_URL,PageName'!$B$2:$B$999="LY"), ""))} | S81: {=_xlfn.TEXTJOIN(CHAR(10), 1, _xlfn._xlws.FILTER('RAW_URL,PageName'!F$2:F$999, ('RAW_URL,PageName'!$C$2:$C$999=$G81)*('RAW_URL,PageName'!$B$2:$B$999="LY"), ""))} | U81: =IFERROR(VLOOKUP($C81,태깅기획site_code!$N$4:$O$18,2,0),"") -> 2 | AE81: =IF(AD81="","",IF(IF(AD81>api용!D$2,api용!D$2,AD81)<AC81,"",IF(AD81>api용!D$2,api용!D$2,AD81)))
B82: =IF($G82="","",IFERROR(VLOOKUP($G82,RAW_tier!$B$2:$C$200,2,0),2)) -> 1 | C82: =IF(ISBLANK(태깅기획site_code!F81),"",태깅기획site_code!C81) -> Korea | D82: =IF(ISBLANK(태깅기획site_code!F81),"",IF(고객법인일정파일!P81="한총","SEC",IF(LEN(TRIM(고객법인일정파일!P81))=0,태깅기획site_code!D81,고객법인일정파일!P81))) -> XADC | E82: =IF(ISBLANK(태깅기획site_code!F81),"",태깅기획site_code!E81) -> Korea | F82: =IF(ISBLANK(태깅기획site_code!F81),"",태깅기획site_code!J81) -> Korea | G82: =IF(ISBLANK(태깅기획site_code!B81),"",태깅기획site_code!F81) -> sec | H82: =IF(ISBLANK(태깅기획site_code!F81),"",IF(고객법인일정파일!Q81="X","X",고객법인일정파일!R81)) | I82: =IF(ISBLANK(태깅기획site_code!F81),"",IF(고객법인일정파일!Q81="X","",고객법인일정파일!S81)) | K82: TBD | L82: TBD | M82: =IF(D82="","",VLOOKUP(D82,고객법인일정파일!$C$5:$J$200,8,0))&"" -> #N/A | N82: {=_xlfn.TEXTJOIN(CHAR(10), 1, _xlfn._xlws.FILTER('RAW_URL,PageName'!D$2:D$999, ('RAW_URL,PageName'!$C$2:$C$999=$G82)*('RAW_URL,PageName'!$B$2:$B$999="TY"), ""))} -> https://company_name.com/sec/offer/test-campaign-2026 | O82: {=_xlfn.TEXTJOIN(CHAR(10), 1, _xlfn._xlws.FILTER('RAW_URL,PageName'!E$2:E$999, ('RAW_URL,PageName'!$C$2:$C$999=$G82)*('RAW_URL,PageName'!$B$2:$B$999="TY"), ""))} -> sec:offer:testcampaign2026 | P82: {=_xlfn.TEXTJOIN(CHAR(10), 1, _xlfn._xlws.FILTER('RAW_URL,PageName'!F$2:F$999, ('RAW_URL,PageName'!$C$2:$C$999=$G82)*('RAW_URL,PageName'!$B$2:$B$999="TY"), ""))} -> 노트test1 | Q82: {=_xlfn.TEXTJOIN(CHAR(10), 1, _xlfn._xlws.FILTER('RAW_URL,PageName'!D$2:D$999, ('RAW_URL,PageName'!$C$2:$C$999=$G82)*('RAW_URL,PageName'!$B$2:$B$999="LY"), ""))} | R82: {=_xlfn.TEXTJOIN(CHAR(10), 1, _xlfn._xlws.FILTER('RAW_URL,PageName'!E$2:E$999, ('RAW_URL,PageName'!$C$2:$C$999=$G82)*('RAW_URL,PageName'!$B$2:$B$999="LY"), ""))} | S82: {=_xlfn.TEXTJOIN(CHAR(10), 1, _xlfn._xlws.FILTER('RAW_URL,PageName'!F$2:F$999, ('RAW_URL,PageName'!$C$2:$C$999=$G82)*('RAW_URL,PageName'!$B$2:$B$999="LY"), ""))} | U82: =IFERROR(VLOOKUP($C82,태깅기획site_code!$N$4:$O$18,2,0),"") -> 11 | AE82: =IF(AD82="","",IF(IF(AD82>api용!D$2,api용!D$2,AD82)<AC82,"",IF(AD82>api용!D$2,api용!D$2,AD82)))
B83: =IF($G83="","",IFERROR(VLOOKUP($G83,RAW_tier!$B$2:$C$200,2,0),2)) -> 2 | C83: =IF(ISBLANK(태깅기획site_code!F82),"",태깅기획site_code!C82) -> S.E.Asia | D83: =IF(ISBLANK(태깅기획site_code!F82),"",IF(고객법인일정파일!P82="한총","SEC",IF(LEN(TRIM(고객법인일정파일!P82))=0,태깅기획site_code!D82,고객법인일정파일!P82))) -> XADXP | E83: =IF(ISBLANK(태깅기획site_code!F82),"",태깅기획site_code!E82) -> Singapore | F83: =IF(ISBLANK(태깅기획site_code!F82),"",태깅기획site_code!J82) -> Singapore | G83: =IF(ISBLANK(태깅기획site_code!B82),"",태깅기획site_code!F82) -> sg | H83: =IF(ISBLANK(태깅기획site_code!F82),"",IF(고객법인일정파일!Q82="X","X",고객법인일정파일!R82)) -> X | I83: =IF(ISBLANK(태깅기획site_code!F82),"",IF(고객법인일정파일!Q82="X","",고객법인일정파일!S82)) | K83: TBD | L83: TBD | M83: =IF(D83="","",VLOOKUP(D83,고객법인일정파일!$C$5:$J$200,8,0))&"" -> Note1-test XADIB-PT | N83: {=_xlfn.TEXTJOIN(CHAR(10), 1, _xlfn._xlws.FILTER('RAW_URL,PageName'!D$2:D$999, ('RAW_URL,PageName'!$C$2:$C$999=$G83)*('RAW_URL,PageName'!$B$2:$B$999="TY"), ""))} | O83: {=_xlfn.TEXTJOIN(CHAR(10), 1, _xlfn._xlws.FILTER('RAW_URL,PageName'!E$2:E$999, ('RAW_URL,PageName'!$C$2:$C$999=$G83)*('RAW_URL,PageName'!$B$2:$B$999="TY"), ""))} | P83: {=_xlfn.TEXTJOIN(CHAR(10), 1, _xlfn._xlws.FILTER('RAW_URL,PageName'!F$2:F$999, ('RAW_URL,PageName'!$C$2:$C$999=$G83)*('RAW_URL,PageName'!$B$2:$B$999="TY"), ""))} | Q83: {=_xlfn.TEXTJOIN(CHAR(10), 1, _xlfn._xlws.FILTER('RAW_URL,PageName'!D$2:D$999, ('RAW_URL,PageName'!$C$2:$C$999=$G83)*('RAW_URL,PageName'!$B$2:$B$999="LY"), ""))} | R83: {=_xlfn.TEXTJOIN(CHAR(10), 1, _xlfn._xlws.FILTER('RAW_URL,PageName'!E$2:E$999, ('RAW_URL,PageName'!$C$2:$C$999=$G83)*('RAW_URL,PageName'!$B$2:$B$999="LY"), ""))} | S83: {=_xlfn.TEXTJOIN(CHAR(10), 1, _xlfn._xlws.FILTER('RAW_URL,PageName'!F$2:F$999, ('RAW_URL,PageName'!$C$2:$C$999=$G83)*('RAW_URL,PageName'!$B$2:$B$999="LY"), ""))} | U83: =IFERROR(VLOOKUP($C83,태깅기획site_code!$N$4:$O$18,2,0),"") -> 4 | AE83: =IF(AD83="","",IF(IF(AD83>api용!D$2,api용!D$2,AD83)<AC83,"",IF(AD83>api용!D$2,api용!D$2,AD83)))
B84: =IF($G84="","",IFERROR(VLOOKUP($G84,RAW_tier!$B$2:$C$200,2,0),2)) -> 2 | C84: =IF(ISBLANK(태깅기획site_code!F83),"",태깅기획site_code!C83) -> EU | D84: =IF(ISBLANK(태깅기획site_code!F83),"",IF(고객법인일정파일!P83="한총","SEC",IF(LEN(TRIM(고객법인일정파일!P83))=0,태깅기획site_code!D83,고객법인일정파일!P83))) -> XADUD | E84: =IF(ISBLANK(태깅기획site_code!F83),"",태깅기획site_code!E83) -> Slovenia | F84: =IF(ISBLANK(태깅기획site_code!F83),"",태깅기획site_code!J83) -> Slovenia | G84: =IF(ISBLANK(태깅기획site_code!B83),"",태깅기획site_code!F83) -> si | H84: =IF(ISBLANK(태깅기획site_code!F83),"",IF(고객법인일정파일!Q83="X","X",고객법인일정파일!R83)) -> X | I84: =IF(ISBLANK(태깅기획site_code!F83),"",IF(고객법인일정파일!Q83="X","",고객법인일정파일!S83)) | K84: TBD | L84: TBD | M84: =IF(D84="","",VLOOKUP(D84,고객법인일정파일!$C$5:$J$200,8,0))&"" -> Note1-test XADUX-UT | N84: {=_xlfn.TEXTJOIN(CHAR(10), 1, _xlfn._xlws.FILTER('RAW_URL,PageName'!D$2:D$999, ('RAW_URL,PageName'!$C$2:$C$999=$G84)*('RAW_URL,PageName'!$B$2:$B$999="TY"), ""))} | O84: {=_xlfn.TEXTJOIN(CHAR(10), 1, _xlfn._xlws.FILTER('RAW_URL,PageName'!E$2:E$999, ('RAW_URL,PageName'!$C$2:$C$999=$G84)*('RAW_URL,PageName'!$B$2:$B$999="TY"), ""))} | P84: {=_xlfn.TEXTJOIN(CHAR(10), 1, _xlfn._xlws.FILTER('RAW_URL,PageName'!F$2:F$999, ('RAW_URL,PageName'!$C$2:$C$999=$G84)*('RAW_URL,PageName'!$B$2:$B$999="TY"), ""))} | Q84: {=_xlfn.TEXTJOIN(CHAR(10), 1, _xlfn._xlws.FILTER('RAW_URL,PageName'!D$2:D$999, ('RAW_URL,PageName'!$C$2:$C$999=$G84)*('RAW_URL,PageName'!$B$2:$B$999="LY"), ""))} | R84: {=_xlfn.TEXTJOIN(CHAR(10), 1, _xlfn._xlws.FILTER('RAW_URL,PageName'!E$2:E$999, ('RAW_URL,PageName'!$C$2:$C$999=$G84)*('RAW_URL,PageName'!$B$2:$B$999="LY"), ""))} | S84: {=_xlfn.TEXTJOIN(CHAR(10), 1, _xlfn._xlws.FILTER('RAW_URL,PageName'!F$2:F$999, ('RAW_URL,PageName'!$C$2:$C$999=$G84)*('RAW_URL,PageName'!$B$2:$B$999="LY"), ""))} | U84: =IFERROR(VLOOKUP($C84,태깅기획site_code!$N$4:$O$18,2,0),"") -> 2 | AE84: =IF(AD84="","",IF(IF(AD84>api용!D$2,api용!D$2,AD84)<AC84,"",IF(AD84>api용!D$2,api용!D$2,AD84)))
B85: =IF($G85="","",IFERROR(VLOOKUP($G85,RAW_tier!$B$2:$C$200,2,0),2)) -> 2 | C85: =IF(ISBLANK(태깅기획site_code!F84),"",태깅기획site_code!C84) -> EU | D85: =IF(ISBLANK(태깅기획site_code!F84),"",IF(고객법인일정파일!P84="한총","SEC",IF(LEN(TRIM(고객법인일정파일!P84))=0,태깅기획site_code!D84,고객법인일정파일!P84))) -> XADCZ | E85: =IF(ISBLANK(태깅기획site_code!F84),"",태깅기획site_code!E84) -> Slovakia | F85: =IF(ISBLANK(태깅기획site_code!F84),"",태깅기획site_code!J84) -> Slovakia | G85: =IF(ISBLANK(태깅기획site_code!B84),"",태깅기획site_code!F84) -> sk | H85: =IF(ISBLANK(태깅기획site_code!F84),"",IF(고객법인일정파일!Q84="X","X",고객법인일정파일!R84)) -> 46054 | I85: =IF(ISBLANK(태깅기획site_code!F84),"",IF(고객법인일정파일!Q84="X","",고객법인일정파일!S84)) -> 46063 | K85: 45778 | L85: 45787 | M85: =IF(D85="","",VLOOKUP(D85,고객법인일정파일!$C$5:$J$200,8,0))&"" | N85: {=_xlfn.TEXTJOIN(CHAR(10), 1, _xlfn._xlws.FILTER('RAW_URL,PageName'!D$2:D$999, ('RAW_URL,PageName'!$C$2:$C$999=$G85)*('RAW_URL,PageName'!$B$2:$B$999="TY"), ""))} | O85: {=_xlfn.TEXTJOIN(CHAR(10), 1, _xlfn._xlws.FILTER('RAW_URL,PageName'!E$2:E$999, ('RAW_URL,PageName'!$C$2:$C$999=$G85)*('RAW_URL,PageName'!$B$2:$B$999="TY"), ""))} | P85: {=_xlfn.TEXTJOIN(CHAR(10), 1, _xlfn._xlws.FILTER('RAW_URL,PageName'!F$2:F$999, ('RAW_URL,PageName'!$C$2:$C$999=$G85)*('RAW_URL,PageName'!$B$2:$B$999="TY"), ""))} | Q85: {=_xlfn.TEXTJOIN(CHAR(10), 1, _xlfn._xlws.FILTER('RAW_URL,PageName'!D$2:D$999, ('RAW_URL,PageName'!$C$2:$C$999=$G85)*('RAW_URL,PageName'!$B$2:$B$999="LY"), ""))} | R85: {=_xlfn.TEXTJOIN(CHAR(10), 1, _xlfn._xlws.FILTER('RAW_URL,PageName'!E$2:E$999, ('RAW_URL,PageName'!$C$2:$C$999=$G85)*('RAW_URL,PageName'!$B$2:$B$999="LY"), ""))} | S85: {=_xlfn.TEXTJOIN(CHAR(10), 1, _xlfn._xlws.FILTER('RAW_URL,PageName'!F$2:F$999, ('RAW_URL,PageName'!$C$2:$C$999=$G85)*('RAW_URL,PageName'!$B$2:$B$999="LY"), ""))} | U85: =IFERROR(VLOOKUP($C85,태깅기획site_code!$N$4:$O$18,2,0),"") -> 2 | AE85: =IF(AD85="","",IF(IF(AD85>api용!D$2,api용!D$2,AD85)<AC85,"",IF(AD85>api용!D$2,api용!D$2,AD85)))
B86: =IF($G86="","",IFERROR(VLOOKUP($G86,RAW_tier!$B$2:$C$200,2,0),2)) -> 2 | C86: =IF(ISBLANK(태깅기획site_code!F85),"",태깅기획site_code!C85) -> S.E.Asia | D86: =IF(ISBLANK(태깅기획site_code!F85),"",IF(고객법인일정파일!P85="한총","SEC",IF(LEN(TRIM(고객법인일정파일!P85))=0,태깅기획site_code!D85,고객법인일정파일!P85))) -> TXAD-TH | E86: =IF(ISBLANK(태깅기획site_code!F85),"",태깅기획site_code!E85) -> Thailand | F86: =IF(ISBLANK(태깅기획site_code!F85),"",태깅기획site_code!J85) -> Thailand | G86: =IF(ISBLANK(태깅기획site_code!B85),"",태깅기획site_code!F85) -> th | H86: =IF(ISBLANK(태깅기획site_code!F85),"",IF(고객법인일정파일!Q85="X","X",고객법인일정파일!R85)) -> 46243 | I86: =IF(ISBLANK(태깅기획site_code!F85),"",IF(고객법인일정파일!Q85="X","",고객법인일정파일!S85)) -> 46246 | K86: 45878 | L86: 45884 | M86: =IF(D86="","",VLOOKUP(D86,고객법인일정파일!$C$5:$J$200,8,0))&"" -> Note1-test XADF | N86: {=_xlfn.TEXTJOIN(CHAR(10), 1, _xlfn._xlws.FILTER('RAW_URL,PageName'!D$2:D$999, ('RAW_URL,PageName'!$C$2:$C$999=$G86)*('RAW_URL,PageName'!$B$2:$B$999="TY"), ""))} | O86: {=_xlfn.TEXTJOIN(CHAR(10), 1, _xlfn._xlws.FILTER('RAW_URL,PageName'!E$2:E$999, ('RAW_URL,PageName'!$C$2:$C$999=$G86)*('RAW_URL,PageName'!$B$2:$B$999="TY"), ""))} | P86: {=_xlfn.TEXTJOIN(CHAR(10), 1, _xlfn._xlws.FILTER('RAW_URL,PageName'!F$2:F$999, ('RAW_URL,PageName'!$C$2:$C$999=$G86)*('RAW_URL,PageName'!$B$2:$B$999="TY"), ""))} | Q86: {=_xlfn.TEXTJOIN(CHAR(10), 1, _xlfn._xlws.FILTER('RAW_URL,PageName'!D$2:D$999, ('RAW_URL,PageName'!$C$2:$C$999=$G86)*('RAW_URL,PageName'!$B$2:$B$999="LY"), ""))} | R86: {=_xlfn.TEXTJOIN(CHAR(10), 1, _xlfn._xlws.FILTER('RAW_URL,PageName'!E$2:E$999, ('RAW_URL,PageName'!$C$2:$C$999=$G86)*('RAW_URL,PageName'!$B$2:$B$999="LY"), ""))} | S86: {=_xlfn.TEXTJOIN(CHAR(10), 1, _xlfn._xlws.FILTER('RAW_URL,PageName'!F$2:F$999, ('RAW_URL,PageName'!$C$2:$C$999=$G86)*('RAW_URL,PageName'!$B$2:$B$999="LY"), ""))} | U86: =IFERROR(VLOOKUP($C86,태깅기획site_code!$N$4:$O$18,2,0),"") -> 4 | AE86: =IF(AD86="","",IF(IF(AD86>api용!D$2,api용!D$2,AD86)<AC86,"",IF(AD86>api용!D$2,api용!D$2,AD86)))
B87: =IF($G87="","",IFERROR(VLOOKUP($G87,RAW_tier!$B$2:$C$200,2,0),2)) -> 1 | C87: =IF(ISBLANK(태깅기획site_code!F86),"",태깅기획site_code!C86) -> MENA | D87: =IF(ISBLANK(태깅기획site_code!F86),"",IF(고객법인일정파일!P86="한총","SEC",IF(LEN(TRIM(고객법인일정파일!P86))=0,태깅기획site_code!D86,고객법인일정파일!P86))) -> XADTK | E87: =IF(ISBLANK(태깅기획site_code!F86),"",태깅기획site_code!E86) -> Turkey | F87: =IF(ISBLANK(태깅기획site_code!F86),"",태깅기획site_code!J86) -> Turkey | G87: =IF(ISBLANK(태깅기획site_code!B86),"",태깅기획site_code!F86) -> tr | H87: =IF(ISBLANK(태깅기획site_code!F86),"",IF(고객법인일정파일!Q86="X","X",고객법인일정파일!R86)) -> 46054 | I87: =IF(ISBLANK(태깅기획site_code!F86),"",IF(고객법인일정파일!Q86="X","",고객법인일정파일!S86)) -> 46063 | K87: 45778 | L87: 45787 | M87: =IF(D87="","",VLOOKUP(D87,고객법인일정파일!$C$5:$J$200,8,0))&"" | N87: {=_xlfn.TEXTJOIN(CHAR(10), 1, _xlfn._xlws.FILTER('RAW_URL,PageName'!D$2:D$999, ('RAW_URL,PageName'!$C$2:$C$999=$G87)*('RAW_URL,PageName'!$B$2:$B$999="TY"), ""))} | O87: {=_xlfn.TEXTJOIN(CHAR(10), 1, _xlfn._xlws.FILTER('RAW_URL,PageName'!E$2:E$999, ('RAW_URL,PageName'!$C$2:$C$999=$G87)*('RAW_URL,PageName'!$B$2:$B$999="TY"), ""))} | P87: {=_xlfn.TEXTJOIN(CHAR(10), 1, _xlfn._xlws.FILTER('RAW_URL,PageName'!F$2:F$999, ('RAW_URL,PageName'!$C$2:$C$999=$G87)*('RAW_URL,PageName'!$B$2:$B$999="TY"), ""))} | Q87: {=_xlfn.TEXTJOIN(CHAR(10), 1, _xlfn._xlws.FILTER('RAW_URL,PageName'!D$2:D$999, ('RAW_URL,PageName'!$C$2:$C$999=$G87)*('RAW_URL,PageName'!$B$2:$B$999="LY"), ""))} | R87: {=_xlfn.TEXTJOIN(CHAR(10), 1, _xlfn._xlws.FILTER('RAW_URL,PageName'!E$2:E$999, ('RAW_URL,PageName'!$C$2:$C$999=$G87)*('RAW_URL,PageName'!$B$2:$B$999="LY"), ""))} | S87: {=_xlfn.TEXTJOIN(CHAR(10), 1, _xlfn._xlws.FILTER('RAW_URL,PageName'!F$2:F$999, ('RAW_URL,PageName'!$C$2:$C$999=$G87)*('RAW_URL,PageName'!$B$2:$B$999="LY"), ""))} | U87: =IFERROR(VLOOKUP($C87,태깅기획site_code!$N$4:$O$18,2,0),"") -> 6 | AE87: =IF(AD87="","",IF(IF(AD87>api용!D$2,api용!D$2,AD87)<AC87,"",IF(AD87>api용!D$2,api용!D$2,AD87)))
B88: =IF($G88="","",IFERROR(VLOOKUP($G88,RAW_tier!$B$2:$C$200,2,0),2)) -> 2 | C88: =IF(ISBLANK(태깅기획site_code!F87),"",태깅기획site_code!C87) -> China | D88: =IF(ISBLANK(태깅기획site_code!F87),"",IF(고객법인일정파일!P87="한총","SEC",IF(LEN(TRIM(고객법인일정파일!P87))=0,태깅기획site_code!D87,고객법인일정파일!P87))) -> XADT | E88: =IF(ISBLANK(태깅기획site_code!F87),"",태깅기획site_code!E87) -> Taiwan | F88: =IF(ISBLANK(태깅기획site_code!F87),"",태깅기획site_code!J87) -> Taiwan | G88: =IF(ISBLANK(태깅기획site_code!B87),"",태깅기획site_code!F87) -> tw | H88: =IF(ISBLANK(태깅기획site_code!F87),"",IF(고객법인일정파일!Q87="X","X",고객법인일정파일!R87)) -> 46054 | I88: =IF(ISBLANK(태깅기획site_code!F87),"",IF(고객법인일정파일!Q87="X","",고객법인일정파일!S87)) -> 46063 | K88: 45778 | L88: 45787 | M88: =IF(D88="","",VLOOKUP(D88,고객법인일정파일!$C$5:$J$200,8,0))&"" | N88: {=_xlfn.TEXTJOIN(CHAR(10), 1, _xlfn._xlws.FILTER('RAW_URL,PageName'!D$2:D$999, ('RAW_URL,PageName'!$C$2:$C$999=$G88)*('RAW_URL,PageName'!$B$2:$B$999="TY"), ""))} | O88: {=_xlfn.TEXTJOIN(CHAR(10), 1, _xlfn._xlws.FILTER('RAW_URL,PageName'!E$2:E$999, ('RAW_URL,PageName'!$C$2:$C$999=$G88)*('RAW_URL,PageName'!$B$2:$B$999="TY"), ""))} | P88: {=_xlfn.TEXTJOIN(CHAR(10), 1, _xlfn._xlws.FILTER('RAW_URL,PageName'!F$2:F$999, ('RAW_URL,PageName'!$C$2:$C$999=$G88)*('RAW_URL,PageName'!$B$2:$B$999="TY"), ""))} | Q88: {=_xlfn.TEXTJOIN(CHAR(10), 1, _xlfn._xlws.FILTER('RAW_URL,PageName'!D$2:D$999, ('RAW_URL,PageName'!$C$2:$C$999=$G88)*('RAW_URL,PageName'!$B$2:$B$999="LY"), ""))} | R88: {=_xlfn.TEXTJOIN(CHAR(10), 1, _xlfn._xlws.FILTER('RAW_URL,PageName'!E$2:E$999, ('RAW_URL,PageName'!$C$2:$C$999=$G88)*('RAW_URL,PageName'!$B$2:$B$999="LY"), ""))} | S88: {=_xlfn.TEXTJOIN(CHAR(10), 1, _xlfn._xlws.FILTER('RAW_URL,PageName'!F$2:F$999, ('RAW_URL,PageName'!$C$2:$C$999=$G88)*('RAW_URL,PageName'!$B$2:$B$999="LY"), ""))} | U88: =IFERROR(VLOOKUP($C88,태깅기획site_code!$N$4:$O$18,2,0),"") -> 9 | AE88: =IF(AD88="","",IF(IF(AD88>api용!D$2,api용!D$2,AD88)<AC88,"",IF(AD88>api용!D$2,api용!D$2,AD88)))
B89: =IF($G89="","",IFERROR(VLOOKUP($G89,RAW_tier!$B$2:$C$200,2,0),2)) -> 2 | C89: =IF(ISBLANK(태깅기획site_code!F88),"",태깅기획site_code!C88) -> EU | D89: =IF(ISBLANK(태깅기획site_code!F88),"",IF(고객법인일정파일!P88="한총","SEC",IF(LEN(TRIM(고객법인일정파일!P88))=0,태깅기획site_code!D88,고객법인일정파일!P88))) -> XADUC | E89: =IF(ISBLANK(태깅기획site_code!F88),"",태깅기획site_code!E88) -> Ukraine | F89: =IF(ISBLANK(태깅기획site_code!F88),"",태깅기획site_code!J88) -> Ukraine | G89: =IF(ISBLANK(태깅기획site_code!B88),"",태깅기획site_code!F88) -> ua | H89: =IF(ISBLANK(태깅기획site_code!F88),"",IF(고객법인일정파일!Q88="X","X",고객법인일정파일!R88)) | I89: =IF(ISBLANK(태깅기획site_code!F88),"",IF(고객법인일정파일!Q88="X","",고객법인일정파일!S88)) | K89: TBD | L89: TBD | M89: =IF(D89="","",VLOOKUP(D89,고객법인일정파일!$C$5:$J$200,8,0))&"" | N89: {=_xlfn.TEXTJOIN(CHAR(10), 1, _xlfn._xlws.FILTER('RAW_URL,PageName'!D$2:D$999, ('RAW_URL,PageName'!$C$2:$C$999=$G89)*('RAW_URL,PageName'!$B$2:$B$999="TY"), ""))} | O89: {=_xlfn.TEXTJOIN(CHAR(10), 1, _xlfn._xlws.FILTER('RAW_URL,PageName'!E$2:E$999, ('RAW_URL,PageName'!$C$2:$C$999=$G89)*('RAW_URL,PageName'!$B$2:$B$999="TY"), ""))} | P89: {=_xlfn.TEXTJOIN(CHAR(10), 1, _xlfn._xlws.FILTER('RAW_URL,PageName'!F$2:F$999, ('RAW_URL,PageName'!$C$2:$C$999=$G89)*('RAW_URL,PageName'!$B$2:$B$999="TY"), ""))} | Q89: {=_xlfn.TEXTJOIN(CHAR(10), 1, _xlfn._xlws.FILTER('RAW_URL,PageName'!D$2:D$999, ('RAW_URL,PageName'!$C$2:$C$999=$G89)*('RAW_URL,PageName'!$B$2:$B$999="LY"), ""))} | R89: {=_xlfn.TEXTJOIN(CHAR(10), 1, _xlfn._xlws.FILTER('RAW_URL,PageName'!E$2:E$999, ('RAW_URL,PageName'!$C$2:$C$999=$G89)*('RAW_URL,PageName'!$B$2:$B$999="LY"), ""))} | S89: {=_xlfn.TEXTJOIN(CHAR(10), 1, _xlfn._xlws.FILTER('RAW_URL,PageName'!F$2:F$999, ('RAW_URL,PageName'!$C$2:$C$999=$G89)*('RAW_URL,PageName'!$B$2:$B$999="LY"), ""))} | U89: =IFERROR(VLOOKUP($C89,태깅기획site_code!$N$4:$O$18,2,0),"") -> 2 | AE89: =IF(AD89="","",IF(IF(AD89>api용!D$2,api용!D$2,AD89)<AC89,"",IF(AD89>api용!D$2,api용!D$2,AD89)))
B90: =IF($G90="","",IFERROR(VLOOKUP($G90,RAW_tier!$B$2:$C$200,2,0),2)) -> 1 | C90: =IF(ISBLANK(태깅기획site_code!F89),"",태깅기획site_code!C89) -> EU | D90: =IF(ISBLANK(태깅기획site_code!F89),"",IF(고객법인일정파일!P89="한총","SEC",IF(LEN(TRIM(고객법인일정파일!P89))=0,태깅기획site_code!D89,고객법인일정파일!P89))) -> XADUK | E90: =IF(ISBLANK(태깅기획site_code!F89),"",태깅기획site_code!E89) -> UK | F90: =IF(ISBLANK(태깅기획site_code!F89),"",태깅기획site_code!J89) -> UK | G90: =IF(ISBLANK(태깅기획site_code!B89),"",태깅기획site_code!F89) -> uk | H90: =IF(ISBLANK(태깅기획site_code!F89),"",IF(고객법인일정파일!Q89="X","X",고객법인일정파일!R89)) -> X | I90: =IF(ISBLANK(태깅기획site_code!F89),"",IF(고객법인일정파일!Q89="X","",고객법인일정파일!S89)) | K90: TBD | L90: TBD | M90: =IF(D90="","",VLOOKUP(D90,고객법인일정파일!$C$5:$J$200,8,0))&"" -> Note1-test XADUK | N90: {=_xlfn.TEXTJOIN(CHAR(10), 1, _xlfn._xlws.FILTER('RAW_URL,PageName'!D$2:D$999, ('RAW_URL,PageName'!$C$2:$C$999=$G90)*('RAW_URL,PageName'!$B$2:$B$999="TY"), ""))} | O90: {=_xlfn.TEXTJOIN(CHAR(10), 1, _xlfn._xlws.FILTER('RAW_URL,PageName'!E$2:E$999, ('RAW_URL,PageName'!$C$2:$C$999=$G90)*('RAW_URL,PageName'!$B$2:$B$999="TY"), ""))} | P90: {=_xlfn.TEXTJOIN(CHAR(10), 1, _xlfn._xlws.FILTER('RAW_URL,PageName'!F$2:F$999, ('RAW_URL,PageName'!$C$2:$C$999=$G90)*('RAW_URL,PageName'!$B$2:$B$999="TY"), ""))} | Q90: {=_xlfn.TEXTJOIN(CHAR(10), 1, _xlfn._xlws.FILTER('RAW_URL,PageName'!D$2:D$999, ('RAW_URL,PageName'!$C$2:$C$999=$G90)*('RAW_URL,PageName'!$B$2:$B$999="LY"), ""))} | R90: {=_xlfn.TEXTJOIN(CHAR(10), 1, _xlfn._xlws.FILTER('RAW_URL,PageName'!E$2:E$999, ('RAW_URL,PageName'!$C$2:$C$999=$G90)*('RAW_URL,PageName'!$B$2:$B$999="LY"), ""))} | S90: {=_xlfn.TEXTJOIN(CHAR(10), 1, _xlfn._xlws.FILTER('RAW_URL,PageName'!F$2:F$999, ('RAW_URL,PageName'!$C$2:$C$999=$G90)*('RAW_URL,PageName'!$B$2:$B$999="LY"), ""))} | U90: =IFERROR(VLOOKUP($C90,태깅기획site_code!$N$4:$O$18,2,0),"") -> 2 | AE90: =IF(AD90="","",IF(IF(AD90>api용!D$2,api용!D$2,AD90)<AC90,"",IF(AD90>api용!D$2,api용!D$2,AD90)))
B91: =IF($G91="","",IFERROR(VLOOKUP($G91,RAW_tier!$B$2:$C$200,2,0),2)) -> 1 | C91: =IF(ISBLANK(태깅기획site_code!F90),"",태깅기획site_code!C90) -> N.America | D91: =IF(ISBLANK(태깅기획site_code!F90),"",IF(고객법인일정파일!P90="한총","SEC",IF(LEN(TRIM(고객법인일정파일!P90))=0,태깅기획site_code!D90,고객법인일정파일!P90))) -> XADU | E91: =IF(ISBLANK(태깅기획site_code!F90),"",태깅기획site_code!E90) -> USA | F91: =IF(ISBLANK(태깅기획site_code!F90),"",태깅기획site_code!J90) -> US NEW | G91: =IF(ISBLANK(태깅기획site_code!B90),"",태깅기획site_code!F90) -> us | H91: =IF(ISBLANK(태깅기획site_code!F90),"",IF(고객법인일정파일!Q90="X","X",고객법인일정파일!R90)) -> 46042 | I91: =IF(ISBLANK(태깅기획site_code!F90),"",IF(고객법인일정파일!Q90="X","",고객법인일정파일!S90)) -> 46063 | K91: 45767 | L91: 45787 | M91: =IF(D91="","",VLOOKUP(D91,고객법인일정파일!$C$5:$J$200,8,0))&"" | N91: {=_xlfn.TEXTJOIN(CHAR(10), 1, _xlfn._xlws.FILTER('RAW_URL,PageName'!D$2:D$999, ('RAW_URL,PageName'!$C$2:$C$999=$G91)*('RAW_URL,PageName'!$B$2:$B$999="TY"), ""))} -> https://company_name.com/us/offer/test-campaign-2026 https://company_name.com/us/offer/test-campaign-2026-other https://company_name.com/us/offer/test-campaign-2026-another | O91: {=_xlfn.TEXTJOIN(CHAR(10), 1, _xlfn._xlws.FILTER('RAW_URL,PageName'!E$2:E$999, ('RAW_URL,PageName'!$C$2:$C$999=$G91)*('RAW_URL,PageName'!$B$2:$B$999="TY"), ""))} -> us:offer:testcampaign2026 us:offer:testcampaign2026other us:offer:testcampaign2026another | P91: {=_xlfn.TEXTJOIN(CHAR(10), 1, _xlfn._xlws.FILTER('RAW_URL,PageName'!F$2:F$999, ('RAW_URL,PageName'!$C$2:$C$999=$G91)*('RAW_URL,PageName'!$B$2:$B$999="TY"), ""))} -> 노트test1 노트test2 노트test3 | Q91: {=_xlfn.TEXTJOIN(CHAR(10), 1, _xlfn._xlws.FILTER('RAW_URL,PageName'!D$2:D$999, ('RAW_URL,PageName'!$C$2:$C$999=$G91)*('RAW_URL,PageName'!$B$2:$B$999="LY"), ""))} -> https://company_name.com/us/offer/test-campaign-2025 https://company_name.com/us/offer/test-campaign-2025-other | R91: {=_xlfn.TEXTJOIN(CHAR(10), 1, _xlfn._xlws.FILTER('RAW_URL,PageName'!E$2:E$999, ('RAW_URL,PageName'!$C$2:$C$999=$G91)*('RAW_URL,PageName'!$B$2:$B$999="LY"), ""))} -> us:offer:testcampaign2025 us:offer:testcampaign2025other | S91: {=_xlfn.TEXTJOIN(CHAR(10), 1, _xlfn._xlws.FILTER('RAW_URL,PageName'!F$2:F$999, ('RAW_URL,PageName'!$C$2:$C$999=$G91)*('RAW_URL,PageName'!$B$2:$B$999="LY"), ""))} -> 노트test1 노트test2 | U91: =IFERROR(VLOOKUP($C91,태깅기획site_code!$N$4:$O$18,2,0),"") -> 1 | AE91: =IF(AD91="","",IF(IF(AD91>api용!D$2,api용!D$2,AD91)<AC91,"",IF(AD91>api용!D$2,api용!D$2,AD91)))
B92: =IF($G92="","",IFERROR(VLOOKUP($G92,RAW_tier!$B$2:$C$200,2,0),2)) -> 2 | C92: =IF(ISBLANK(태깅기획site_code!F91),"",태깅기획site_code!C91) -> L.America | D92: =IF(ISBLANK(태깅기획site_code!F91),"",IF(고객법인일정파일!P91="한총","SEC",IF(LEN(TRIM(고객법인일정파일!P91))=0,태깅기획site_code!D91,고객법인일정파일!P91))) -> XADLU | E92: =IF(ISBLANK(태깅기획site_code!F91),"",태깅기획site_code!E91) -> Uruguay | F92: =IF(ISBLANK(태깅기획site_code!F91),"",태깅기획site_code!J91) -> Uruguay | G92: =IF(ISBLANK(태깅기획site_code!B91),"",태깅기획site_code!F91) -> uy | H92: =IF(ISBLANK(태깅기획site_code!F91),"",IF(고객법인일정파일!Q91="X","X",고객법인일정파일!R91)) -> 46042 | I92: =IF(ISBLANK(태깅기획site_code!F91),"",IF(고객법인일정파일!Q91="X","",고객법인일정파일!S91)) -> 46063 | K92: 45767 | L92: 45787 | M92: =IF(D92="","",VLOOKUP(D92,고객법인일정파일!$C$5:$J$200,8,0))&"" | N92: {=_xlfn.TEXTJOIN(CHAR(10), 1, _xlfn._xlws.FILTER('RAW_URL,PageName'!D$2:D$999, ('RAW_URL,PageName'!$C$2:$C$999=$G92)*('RAW_URL,PageName'!$B$2:$B$999="TY"), ""))} | O92: {=_xlfn.TEXTJOIN(CHAR(10), 1, _xlfn._xlws.FILTER('RAW_URL,PageName'!E$2:E$999, ('RAW_URL,PageName'!$C$2:$C$999=$G92)*('RAW_URL,PageName'!$B$2:$B$999="TY"), ""))} | P92: {=_xlfn.TEXTJOIN(CHAR(10), 1, _xlfn._xlws.FILTER('RAW_URL,PageName'!F$2:F$999, ('RAW_URL,PageName'!$C$2:$C$999=$G92)*('RAW_URL,PageName'!$B$2:$B$999="TY"), ""))} | Q92: {=_xlfn.TEXTJOIN(CHAR(10), 1, _xlfn._xlws.FILTER('RAW_URL,PageName'!D$2:D$999, ('RAW_URL,PageName'!$C$2:$C$999=$G92)*('RAW_URL,PageName'!$B$2:$B$999="LY"), ""))} | R92: {=_xlfn.TEXTJOIN(CHAR(10), 1, _xlfn._xlws.FILTER('RAW_URL,PageName'!E$2:E$999, ('RAW_URL,PageName'!$C$2:$C$999=$G92)*('RAW_URL,PageName'!$B$2:$B$999="LY"), ""))} | S92: {=_xlfn.TEXTJOIN(CHAR(10), 1, _xlfn._xlws.FILTER('RAW_URL,PageName'!F$2:F$999, ('RAW_URL,PageName'!$C$2:$C$999=$G92)*('RAW_URL,PageName'!$B$2:$B$999="LY"), ""))} | U92: =IFERROR(VLOOKUP($C92,태깅기획site_code!$N$4:$O$18,2,0),"") -> 3 | AE92: =IF(AD92="","",IF(IF(AD92>api용!D$2,api용!D$2,AD92)<AC92,"",IF(AD92>api용!D$2,api용!D$2,AD92)))
B93: =IF($G93="","",IFERROR(VLOOKUP($G93,RAW_tier!$B$2:$C$200,2,0),2)) -> 2 | C93: =IF(ISBLANK(태깅기획site_code!F92),"",태깅기획site_code!C92) -> CIS | D93: =IF(ISBLANK(태깅기획site_code!F92),"",IF(고객법인일정파일!P92="한총","SEC",IF(LEN(TRIM(고객법인일정파일!P92))=0,태깅기획site_code!D92,고객법인일정파일!P92))) -> XADUZ | E93: =IF(ISBLANK(태깅기획site_code!F92),"",태깅기획site_code!E92) -> Uzbekistan | F93: =IF(ISBLANK(태깅기획site_code!F92),"",태깅기획site_code!J92) -> Uzbekistan (Russian) | G93: =IF(ISBLANK(태깅기획site_code!B92),"",태깅기획site_code!F92) -> uz_ru | H93: =IF(ISBLANK(태깅기획site_code!F92),"",IF(고객법인일정파일!Q92="X","X",고객법인일정파일!R92)) | I93: =IF(ISBLANK(태깅기획site_code!F92),"",IF(고객법인일정파일!Q92="X","",고객법인일정파일!S92)) | K93: TBD | L93: TBD | M93: =IF(D93="","",VLOOKUP(D93,고객법인일정파일!$C$5:$J$200,8,0))&"" -> #N/A | N93: {=_xlfn.TEXTJOIN(CHAR(10), 1, _xlfn._xlws.FILTER('RAW_URL,PageName'!D$2:D$999, ('RAW_URL,PageName'!$C$2:$C$999=$G93)*('RAW_URL,PageName'!$B$2:$B$999="TY"), ""))} | O93: {=_xlfn.TEXTJOIN(CHAR(10), 1, _xlfn._xlws.FILTER('RAW_URL,PageName'!E$2:E$999, ('RAW_URL,PageName'!$C$2:$C$999=$G93)*('RAW_URL,PageName'!$B$2:$B$999="TY"), ""))} | P93: {=_xlfn.TEXTJOIN(CHAR(10), 1, _xlfn._xlws.FILTER('RAW_URL,PageName'!F$2:F$999, ('RAW_URL,PageName'!$C$2:$C$999=$G93)*('RAW_URL,PageName'!$B$2:$B$999="TY"), ""))} | Q93: {=_xlfn.TEXTJOIN(CHAR(10), 1, _xlfn._xlws.FILTER('RAW_URL,PageName'!D$2:D$999, ('RAW_URL,PageName'!$C$2:$C$999=$G93)*('RAW_URL,PageName'!$B$2:$B$999="LY"), ""))} | R93: {=_xlfn.TEXTJOIN(CHAR(10), 1, _xlfn._xlws.FILTER('RAW_URL,PageName'!E$2:E$999, ('RAW_URL,PageName'!$C$2:$C$999=$G93)*('RAW_URL,PageName'!$B$2:$B$999="LY"), ""))} | S93: {=_xlfn.TEXTJOIN(CHAR(10), 1, _xlfn._xlws.FILTER('RAW_URL,PageName'!F$2:F$999, ('RAW_URL,PageName'!$C$2:$C$999=$G93)*('RAW_URL,PageName'!$B$2:$B$999="LY"), ""))} | U93: =IFERROR(VLOOKUP($C93,태깅기획site_code!$N$4:$O$18,2,0),"") -> 7 | AE93: =IF(AD93="","",IF(IF(AD93>api용!D$2,api용!D$2,AD93)<AC93,"",IF(AD93>api용!D$2,api용!D$2,AD93)))
B94: =IF($G94="","",IFERROR(VLOOKUP($G94,RAW_tier!$B$2:$C$200,2,0),2)) -> 2 | C94: =IF(ISBLANK(태깅기획site_code!F93),"",태깅기획site_code!C93) -> CIS | D94: =IF(ISBLANK(태깅기획site_code!F93),"",IF(고객법인일정파일!P93="한총","SEC",IF(LEN(TRIM(고객법인일정파일!P93))=0,태깅기획site_code!D93,고객법인일정파일!P93))) -> XADUZ | E94: =IF(ISBLANK(태깅기획site_code!F93),"",태깅기획site_code!E93) -> Uzbekistan | F94: =IF(ISBLANK(태깅기획site_code!F93),"",태깅기획site_code!J93) -> Uzbekistan | G94: =IF(ISBLANK(태깅기획site_code!B93),"",태깅기획site_code!F93) -> uz_uz | H94: =IF(ISBLANK(태깅기획site_code!F93),"",IF(고객법인일정파일!Q93="X","X",고객법인일정파일!R93)) | I94: =IF(ISBLANK(태깅기획site_code!F93),"",IF(고객법인일정파일!Q93="X","",고객법인일정파일!S93)) | K94: TBD | L94: TBD | M94: =IF(D94="","",VLOOKUP(D94,고객법인일정파일!$C$5:$J$200,8,0))&"" -> #N/A | N94: {=_xlfn.TEXTJOIN(CHAR(10), 1, _xlfn._xlws.FILTER('RAW_URL,PageName'!D$2:D$999, ('RAW_URL,PageName'!$C$2:$C$999=$G94)*('RAW_URL,PageName'!$B$2:$B$999="TY"), ""))} | O94: {=_xlfn.TEXTJOIN(CHAR(10), 1, _xlfn._xlws.FILTER('RAW_URL,PageName'!E$2:E$999, ('RAW_URL,PageName'!$C$2:$C$999=$G94)*('RAW_URL,PageName'!$B$2:$B$999="TY"), ""))} | P94: {=_xlfn.TEXTJOIN(CHAR(10), 1, _xlfn._xlws.FILTER('RAW_URL,PageName'!F$2:F$999, ('RAW_URL,PageName'!$C$2:$C$999=$G94)*('RAW_URL,PageName'!$B$2:$B$999="TY"), ""))} | Q94: {=_xlfn.TEXTJOIN(CHAR(10), 1, _xlfn._xlws.FILTER('RAW_URL,PageName'!D$2:D$999, ('RAW_URL,PageName'!$C$2:$C$999=$G94)*('RAW_URL,PageName'!$B$2:$B$999="LY"), ""))} | R94: {=_xlfn.TEXTJOIN(CHAR(10), 1, _xlfn._xlws.FILTER('RAW_URL,PageName'!E$2:E$999, ('RAW_URL,PageName'!$C$2:$C$999=$G94)*('RAW_URL,PageName'!$B$2:$B$999="LY"), ""))} | S94: {=_xlfn.TEXTJOIN(CHAR(10), 1, _xlfn._xlws.FILTER('RAW_URL,PageName'!F$2:F$999, ('RAW_URL,PageName'!$C$2:$C$999=$G94)*('RAW_URL,PageName'!$B$2:$B$999="LY"), ""))} | U94: =IFERROR(VLOOKUP($C94,태깅기획site_code!$N$4:$O$18,2,0),"") -> 7 | AE94: =IF(AD94="","",IF(IF(AD94>api용!D$2,api용!D$2,AD94)<AC94,"",IF(AD94>api용!D$2,api용!D$2,AD94)))
B95: =IF($G95="","",IFERROR(VLOOKUP($G95,RAW_tier!$B$2:$C$200,2,0),2)) -> 2 | C95: =IF(ISBLANK(태깅기획site_code!F94),"",태깅기획site_code!C94) -> S.E.Asia | D95: =IF(ISBLANK(태깅기획site_code!F94),"",IF(고객법인일정파일!P94="한총","SEC",IF(LEN(TRIM(고객법인일정파일!P94))=0,태깅기획site_code!D94,고객법인일정파일!P94))) -> XUVINU | E95: =IF(ISBLANK(태깅기획site_code!F94),"",태깅기획site_code!E94) -> Vietnam | F95: =IF(ISBLANK(태깅기획site_code!F94),"",태깅기획site_code!J94) -> Vietnam | G95: =IF(ISBLANK(태깅기획site_code!B94),"",태깅기획site_code!F94) -> vn | H95: =IF(ISBLANK(태깅기획site_code!F94),"",IF(고객법인일정파일!Q94="X","X",고객법인일정파일!R94)) -> 46054 | I95: =IF(ISBLANK(태깅기획site_code!F94),"",IF(고객법인일정파일!Q94="X","",고객법인일정파일!S94)) -> 46067 | K95: 45781 | L95: 45790 | M95: =IF(D95="","",VLOOKUP(D95,고객법인일정파일!$C$5:$J$200,8,0))&"" | N95: {=_xlfn.TEXTJOIN(CHAR(10), 1, _xlfn._xlws.FILTER('RAW_URL,PageName'!D$2:D$999, ('RAW_URL,PageName'!$C$2:$C$999=$G95)*('RAW_URL,PageName'!$B$2:$B$999="TY"), ""))} | O95: {=_xlfn.TEXTJOIN(CHAR(10), 1, _xlfn._xlws.FILTER('RAW_URL,PageName'!E$2:E$999, ('RAW_URL,PageName'!$C$2:$C$999=$G95)*('RAW_URL,PageName'!$B$2:$B$999="TY"), ""))} | P95: {=_xlfn.TEXTJOIN(CHAR(10), 1, _xlfn._xlws.FILTER('RAW_URL,PageName'!F$2:F$999, ('RAW_URL,PageName'!$C$2:$C$999=$G95)*('RAW_URL,PageName'!$B$2:$B$999="TY"), ""))} | Q95: {=_xlfn.TEXTJOIN(CHAR(10), 1, _xlfn._xlws.FILTER('RAW_URL,PageName'!D$2:D$999, ('RAW_URL,PageName'!$C$2:$C$999=$G95)*('RAW_URL,PageName'!$B$2:$B$999="LY"), ""))} | R95: {=_xlfn.TEXTJOIN(CHAR(10), 1, _xlfn._xlws.FILTER('RAW_URL,PageName'!E$2:E$999, ('RAW_URL,PageName'!$C$2:$C$999=$G95)*('RAW_URL,PageName'!$B$2:$B$999="LY"), ""))} | S95: {=_xlfn.TEXTJOIN(CHAR(10), 1, _xlfn._xlws.FILTER('RAW_URL,PageName'!F$2:F$999, ('RAW_URL,PageName'!$C$2:$C$999=$G95)*('RAW_URL,PageName'!$B$2:$B$999="LY"), ""))} | U95: =IFERROR(VLOOKUP($C95,태깅기획site_code!$N$4:$O$18,2,0),"") -> 4 | AE95: =IF(AD95="","",IF(IF(AD95>api용!D$2,api용!D$2,AD95)<AC95,"",IF(AD95>api용!D$2,api용!D$2,AD95)))
B96: =IF($G96="","",IFERROR(VLOOKUP($G96,RAW_tier!$B$2:$C$200,2,0),2)) -> 2 | C96: =IF(ISBLANK(태깅기획site_code!F95),"",태깅기획site_code!C95) -> Africa | D96: =IF(ISBLANK(태깅기획site_code!F95),"",IF(고객법인일정파일!P95="한총","SEC",IF(LEN(TRIM(고객법인일정파일!P95))=0,태깅기획site_code!D95,고객법인일정파일!P95))) -> XXU (ZU) | E96: =IF(ISBLANK(태깅기획site_code!F95),"",태깅기획site_code!E95) -> South Africa | F96: =IF(ISBLANK(태깅기획site_code!F95),"",태깅기획site_code!J95) -> South Africa | G96: =IF(ISBLANK(태깅기획site_code!B95),"",태깅기획site_code!F95) -> za | H96: =IF(ISBLANK(태깅기획site_code!F95),"",IF(고객법인일정파일!Q95="X","X",고객법인일정파일!R95)) -> 46042 | I96: =IF(ISBLANK(태깅기획site_code!F95),"",IF(고객법인일정파일!Q95="X","",고객법인일정파일!S95)) -> 46063 | K96: 45767 | L96: 45787 | M96: =IF(D96="","",VLOOKUP(D96,고객법인일정파일!$C$5:$J$200,8,0))&"" | N96: {=_xlfn.TEXTJOIN(CHAR(10), 1, _xlfn._xlws.FILTER('RAW_URL,PageName'!D$2:D$999, ('RAW_URL,PageName'!$C$2:$C$999=$G96)*('RAW_URL,PageName'!$B$2:$B$999="TY"), ""))} | O96: {=_xlfn.TEXTJOIN(CHAR(10), 1, _xlfn._xlws.FILTER('RAW_URL,PageName'!E$2:E$999, ('RAW_URL,PageName'!$C$2:$C$999=$G96)*('RAW_URL,PageName'!$B$2:$B$999="TY"), ""))} | P96: {=_xlfn.TEXTJOIN(CHAR(10), 1, _xlfn._xlws.FILTER('RAW_URL,PageName'!F$2:F$999, ('RAW_URL,PageName'!$C$2:$C$999=$G96)*('RAW_URL,PageName'!$B$2:$B$999="TY"), ""))} | Q96: {=_xlfn.TEXTJOIN(CHAR(10), 1, _xlfn._xlws.FILTER('RAW_URL,PageName'!D$2:D$999, ('RAW_URL,PageName'!$C$2:$C$999=$G96)*('RAW_URL,PageName'!$B$2:$B$999="LY"), ""))} | R96: {=_xlfn.TEXTJOIN(CHAR(10), 1, _xlfn._xlws.FILTER('RAW_URL,PageName'!E$2:E$999, ('RAW_URL,PageName'!$C$2:$C$999=$G96)*('RAW_URL,PageName'!$B$2:$B$999="LY"), ""))} | S96: {=_xlfn.TEXTJOIN(CHAR(10), 1, _xlfn._xlws.FILTER('RAW_URL,PageName'!F$2:F$999, ('RAW_URL,PageName'!$C$2:$C$999=$G96)*('RAW_URL,PageName'!$B$2:$B$999="LY"), ""))} | U96: =IFERROR(VLOOKUP($C96,태깅기획site_code!$N$4:$O$18,2,0),"") -> 8 | AE96: =IF(AD96="","",IF(IF(AD96>api용!D$2,api용!D$2,AD96)<AC96,"",IF(AD96>api용!D$2,api용!D$2,AD96)))
B97: =IF($G97="","",IFERROR(VLOOKUP($G97,RAW_tier!$B$2:$C$200,2,0),2)) | C97: =IF(ISBLANK(태깅기획site_code!F96),"",태깅기획site_code!C96) | D97: =IF(ISBLANK(태깅기획site_code!F96),"",IF(고객법인일정파일!P96="한총","SEC",IF(LEN(TRIM(고객법인일정파일!P96))=0,태깅기획site_code!D96,고객법인일정파일!P96))) | E97: =IF(ISBLANK(태깅기획site_code!F96),"",태깅기획site_code!E96) | F97: =IF(ISBLANK(태깅기획site_code!F96),"",태깅기획site_code!J96) | G97: =IF(ISBLANK(태깅기획site_code!B96),"",태깅기획site_code!F96) | H97: =IF(ISBLANK(태깅기획site_code!F96),"",IF(고객법인일정파일!Q96="X","X",고객법인일정파일!R96)) | I97: =IF(ISBLANK(태깅기획site_code!F96),"",IF(고객법인일정파일!Q96="X","",고객법인일정파일!S96)) | M97: =IF(D97="","",VLOOKUP(D97,고객법인일정파일!$C$5:$J$200,8,0))&"" | N97: {=_xlfn.TEXTJOIN(CHAR(10), 1, _xlfn._xlws.FILTER('RAW_URL,PageName'!D$2:D$999, ('RAW_URL,PageName'!$C$2:$C$999=$G97)*('RAW_URL,PageName'!$B$2:$B$999="TY"), ""))} | O97: {=_xlfn.TEXTJOIN(CHAR(10), 1, _xlfn._xlws.FILTER('RAW_URL,PageName'!E$2:E$999, ('RAW_URL,PageName'!$C$2:$C$999=$G97)*('RAW_URL,PageName'!$B$2:$B$999="TY"), ""))} | P97: {=_xlfn.TEXTJOIN(CHAR(10), 1, _xlfn._xlws.FILTER('RAW_URL,PageName'!F$2:F$999, ('RAW_URL,PageName'!$C$2:$C$999=$G97)*('RAW_URL,PageName'!$B$2:$B$999="TY"), ""))} | Q97: {=_xlfn.TEXTJOIN(CHAR(10), 1, _xlfn._xlws.FILTER('RAW_URL,PageName'!D$2:D$999, ('RAW_URL,PageName'!$C$2:$C$999=$G97)*('RAW_URL,PageName'!$B$2:$B$999="LY"), ""))} | R97: {=_xlfn.TEXTJOIN(CHAR(10), 1, _xlfn._xlws.FILTER('RAW_URL,PageName'!E$2:E$999, ('RAW_URL,PageName'!$C$2:$C$999=$G97)*('RAW_URL,PageName'!$B$2:$B$999="LY"), ""))} | S97: {=_xlfn.TEXTJOIN(CHAR(10), 1, _xlfn._xlws.FILTER('RAW_URL,PageName'!F$2:F$999, ('RAW_URL,PageName'!$C$2:$C$999=$G97)*('RAW_URL,PageName'!$B$2:$B$999="LY"), ""))} | U97: =IFERROR(VLOOKUP($C97,태깅기획site_code!$N$4:$O$18,2,0),"") | AE97: =IF(AD97="","",IF(IF(AD97>api용!D$2,api용!D$2,AD97)<AC97,"",IF(AD97>api용!D$2,api용!D$2,AD97)))
B98: =IF($G98="","",IFERROR(VLOOKUP($G98,RAW_tier!$B$2:$C$200,2,0),2)) | C98: =IF(ISBLANK(태깅기획site_code!F97),"",태깅기획site_code!C97) | D98: =IF(ISBLANK(태깅기획site_code!F97),"",IF(고객법인일정파일!P97="한총","SEC",IF(LEN(TRIM(고객법인일정파일!P97))=0,태깅기획site_code!D97,고객법인일정파일!P97))) | E98: =IF(ISBLANK(태깅기획site_code!F97),"",태깅기획site_code!E97) | F98: =IF(ISBLANK(태깅기획site_code!F97),"",태깅기획site_code!J97) | G98: =IF(ISBLANK(태깅기획site_code!B97),"",태깅기획site_code!F97) | H98: =IF(ISBLANK(태깅기획site_code!F97),"",IF(고객법인일정파일!Q97="X","X",고객법인일정파일!R97)) | I98: =IF(ISBLANK(태깅기획site_code!F97),"",IF(고객법인일정파일!Q97="X","",고객법인일정파일!S97)) | M98: =IF(D98="","",VLOOKUP(D98,고객법인일정파일!$C$5:$J$200,8,0))&"" | N98: {=_xlfn.TEXTJOIN(CHAR(10), 1, _xlfn._xlws.FILTER('RAW_URL,PageName'!D$2:D$999, ('RAW_URL,PageName'!$C$2:$C$999=$G98)*('RAW_URL,PageName'!$B$2:$B$999="TY"), ""))} | O98: {=_xlfn.TEXTJOIN(CHAR(10), 1, _xlfn._xlws.FILTER('RAW_URL,PageName'!E$2:E$999, ('RAW_URL,PageName'!$C$2:$C$999=$G98)*('RAW_URL,PageName'!$B$2:$B$999="TY"), ""))} | P98: {=_xlfn.TEXTJOIN(CHAR(10), 1, _xlfn._xlws.FILTER('RAW_URL,PageName'!F$2:F$999, ('RAW_URL,PageName'!$C$2:$C$999=$G98)*('RAW_URL,PageName'!$B$2:$B$999="TY"), ""))} | Q98: {=_xlfn.TEXTJOIN(CHAR(10), 1, _xlfn._xlws.FILTER('RAW_URL,PageName'!D$2:D$999, ('RAW_URL,PageName'!$C$2:$C$999=$G98)*('RAW_URL,PageName'!$B$2:$B$999="LY"), ""))} | R98: {=_xlfn.TEXTJOIN(CHAR(10), 1, _xlfn._xlws.FILTER('RAW_URL,PageName'!E$2:E$999, ('RAW_URL,PageName'!$C$2:$C$999=$G98)*('RAW_URL,PageName'!$B$2:$B$999="LY"), ""))} | S98: {=_xlfn.TEXTJOIN(CHAR(10), 1, _xlfn._xlws.FILTER('RAW_URL,PageName'!F$2:F$999, ('RAW_URL,PageName'!$C$2:$C$999=$G98)*('RAW_URL,PageName'!$B$2:$B$999="LY"), ""))} | U98: =IFERROR(VLOOKUP($C98,태깅기획site_code!$N$4:$O$18,2,0),"") | AE98: =IF(AD98="","",IF(IF(AD98>api용!D$2,api용!D$2,AD98)<AC98,"",IF(AD98>api용!D$2,api용!D$2,AD98)))
B99: =IF($G99="","",IFERROR(VLOOKUP($G99,RAW_tier!$B$2:$C$200,2,0),2)) | C99: =IF(ISBLANK(태깅기획site_code!F98),"",태깅기획site_code!C98) | D99: =IF(ISBLANK(태깅기획site_code!F98),"",IF(고객법인일정파일!P98="한총","SEC",IF(LEN(TRIM(고객법인일정파일!P98))=0,태깅기획site_code!D98,고객법인일정파일!P98))) | E99: =IF(ISBLANK(태깅기획site_code!F98),"",태깅기획site_code!E98) | F99: =IF(ISBLANK(태깅기획site_code!F98),"",태깅기획site_code!J98) | G99: =IF(ISBLANK(태깅기획site_code!B98),"",태깅기획site_code!F98) | H99: =IF(ISBLANK(태깅기획site_code!F98),"",IF(고객법인일정파일!Q98="X","X",고객법인일정파일!R98)) | I99: =IF(ISBLANK(태깅기획site_code!F98),"",IF(고객법인일정파일!Q98="X","",고객법인일정파일!S98)) | M99: =IF(D99="","",VLOOKUP(D99,고객법인일정파일!$C$5:$J$200,8,0))&"" | N99: {=_xlfn.TEXTJOIN(CHAR(10), 1, _xlfn._xlws.FILTER('RAW_URL,PageName'!D$2:D$999, ('RAW_URL,PageName'!$C$2:$C$999=$G99)*('RAW_URL,PageName'!$B$2:$B$999="TY"), ""))} | O99: {=_xlfn.TEXTJOIN(CHAR(10), 1, _xlfn._xlws.FILTER('RAW_URL,PageName'!E$2:E$999, ('RAW_URL,PageName'!$C$2:$C$999=$G99)*('RAW_URL,PageName'!$B$2:$B$999="TY"), ""))} | P99: {=_xlfn.TEXTJOIN(CHAR(10), 1, _xlfn._xlws.FILTER('RAW_URL,PageName'!F$2:F$999, ('RAW_URL,PageName'!$C$2:$C$999=$G99)*('RAW_URL,PageName'!$B$2:$B$999="TY"), ""))} | Q99: {=_xlfn.TEXTJOIN(CHAR(10), 1, _xlfn._xlws.FILTER('RAW_URL,PageName'!D$2:D$999, ('RAW_URL,PageName'!$C$2:$C$999=$G99)*('RAW_URL,PageName'!$B$2:$B$999="LY"), ""))} | R99: {=_xlfn.TEXTJOIN(CHAR(10), 1, _xlfn._xlws.FILTER('RAW_URL,PageName'!E$2:E$999, ('RAW_URL,PageName'!$C$2:$C$999=$G99)*('RAW_URL,PageName'!$B$2:$B$999="LY"), ""))} | S99: {=_xlfn.TEXTJOIN(CHAR(10), 1, _xlfn._xlws.FILTER('RAW_URL,PageName'!F$2:F$999, ('RAW_URL,PageName'!$C$2:$C$999=$G99)*('RAW_URL,PageName'!$B$2:$B$999="LY"), ""))} | U99: =IFERROR(VLOOKUP($C99,태깅기획site_code!$N$4:$O$18,2,0),"") | AE99: =IF(AD99="","",IF(IF(AD99>api용!D$2,api용!D$2,AD99)<AC99,"",IF(AD99>api용!D$2,api용!D$2,AD99)))
B100: =IF($G100="","",IFERROR(VLOOKUP($G100,RAW_tier!$B$2:$C$200,2,0),2)) | C100: =IF(ISBLANK(태깅기획site_code!F99),"",태깅기획site_code!C99) | D100: =IF(ISBLANK(태깅기획site_code!F99),"",IF(고객법인일정파일!P99="한총","SEC",IF(LEN(TRIM(고객법인일정파일!P99))=0,태깅기획site_code!D99,고객법인일정파일!P99))) | E100: =IF(ISBLANK(태깅기획site_code!F99),"",태깅기획site_code!E99) | F100: =IF(ISBLANK(태깅기획site_code!F99),"",태깅기획site_code!J99) | G100: =IF(ISBLANK(태깅기획site_code!B99),"",태깅기획site_code!F99) | H100: =IF(ISBLANK(태깅기획site_code!F99),"",IF(고객법인일정파일!Q99="X","X",고객법인일정파일!R99)) | I100: =IF(ISBLANK(태깅기획site_code!F99),"",IF(고객법인일정파일!Q99="X","",고객법인일정파일!S99)) | M100: =IF(D100="","",VLOOKUP(D100,고객법인일정파일!$C$5:$J$200,8,0))&"" | N100: {=_xlfn.TEXTJOIN(CHAR(10), 1, _xlfn._xlws.FILTER('RAW_URL,PageName'!D$2:D$999, ('RAW_URL,PageName'!$C$2:$C$999=$G100)*('RAW_URL,PageName'!$B$2:$B$999="TY"), ""))} | O100: {=_xlfn.TEXTJOIN(CHAR(10), 1, _xlfn._xlws.FILTER('RAW_URL,PageName'!E$2:E$999, ('RAW_URL,PageName'!$C$2:$C$999=$G100)*('RAW_URL,PageName'!$B$2:$B$999="TY"), ""))} | P100: {=_xlfn.TEXTJOIN(CHAR(10), 1, _xlfn._xlws.FILTER('RAW_URL,PageName'!F$2:F$999, ('RAW_URL,PageName'!$C$2:$C$999=$G100)*('RAW_URL,PageName'!$B$2:$B$999="TY"), ""))} | Q100: {=_xlfn.TEXTJOIN(CHAR(10), 1, _xlfn._xlws.FILTER('RAW_URL,PageName'!D$2:D$999, ('RAW_URL,PageName'!$C$2:$C$999=$G100)*('RAW_URL,PageName'!$B$2:$B$999="LY"), ""))} | R100: {=_xlfn.TEXTJOIN(CHAR(10), 1, _xlfn._xlws.FILTER('RAW_URL,PageName'!E$2:E$999, ('RAW_URL,PageName'!$C$2:$C$999=$G100)*('RAW_URL,PageName'!$B$2:$B$999="LY"), ""))} | S100: {=_xlfn.TEXTJOIN(CHAR(10), 1, _xlfn._xlws.FILTER('RAW_URL,PageName'!F$2:F$999, ('RAW_URL,PageName'!$C$2:$C$999=$G100)*('RAW_URL,PageName'!$B$2:$B$999="LY"), ""))} | U100: =IFERROR(VLOOKUP($C100,태깅기획site_code!$N$4:$O$18,2,0),"") | AE100: =IF(AD100="","",IF(IF(AD100>api용!D$2,api용!D$2,AD100)<AC100,"",IF(AD100>api용!D$2,api용!D$2,AD100)))
...

Sheet Appendix_URL
B2: [2026 TEST] Appendix (URL)
B3: * Notes: Based on pre-defined campaign period and page scope.
B5: CAMPAIGN COUNTRY LIST & PAGE URL
B7: Last Updated | H7: * 캠페인 페이지 미확인 국가 딤처리
B9: Tier | C9: Region | D9: Subs | E9: Country | F9: Site Code | G9: This Year | H9: Last Year
B10: {=_xlfn.CHOOSECOLS(_xlfn._xlws.SORT(_xlfn.CHOOSECOLS(_xlfn._xlws.FILTER(MASTER!B5:U999,(MASTER!I5:I999<>"")*(MASTER!J5:J999<>"O")),1,2,3,4,6,13,16,20),8,1),1,2,3,4,5,6,7)} -> 2 | C10: N.America | D10: XADCU | E10: Canada | F10: ca
B11: 2 | C11: N.America | D11: XADCU | E11: Canada | F11: ca_fr
B12: 1 | C12: N.America | D12: XADU | E12: USA | F12: us | G12: https://company_name.com/us/offer/test-campaign-2026 https://company_name.com/us/offer/test-campaign-2026-other https://company_name.com/us/offer/test-campaign-2026-another | H12: https://company_name.com/us/offer/test-campaign-2025 https://company_name.com/us/offer/test-campaign-2025-other
B13: 2 | C13: EU | D13: XADUX-UT | E13: Austria | F13: at
B14: 2 | C14: EU | D14: XADBN-BE | E14: Belgium | F14: be
B15: 2 | C15: EU | D15: XADROM | E15: Bulgaria | F15: bg
B16: 2 | C16: EU | D16: XADUX-CH | E16: Switzerland | F16: ch
B17: 2 | C17: EU | D17: XADUX-CH | E17: Switzerland | F17: ch_fr
B18: 2 | C18: EU | D18: XADCZ | E18: Czech | F18: cz
B19: 2 | C19: EU | D19: XADG | E19: Germany | F19: de | G19: https://company_name.com/de/offer/test-campaign-2026 https://company_name.com/de/offer/test-campaign-2026-other | H19: https://company_name.com/de/offer/test-campaign-2025
B20: 2 | C20: EU | D20: XADIB-ES | E20: Spain | F20: es
B21: 1 | C21: EU | D21: XADF | E21: France | F21: fr
B22: 2 | C22: EU | D22: XADH | E22: Hungary | F22: hu
B23: 2 | C23: EU | D23: XADI | E23: Italy | F23: it
B24: 2 | C24: EU | D24: XADBN-NL | E24: Netherlands | F24: nl
B25: 2 | C25: EU | D25: XADIB-PT | E25: Portugal | F25: pt
B26: 2 | C26: EU | D26: XADROM | E26: Romania | F26: ro
B27: 2 | C27: EU | D27: XADCZ | E27: Slovakia | F27: sk
B28: 2 | C28: L.America | D28: XADUXU | E28: Argentina | F28: ar
B29: 1 | C29: L.America | D29: XADDU | E29: Brazil | F29: br
B30: 2 | C30: L.America | D30: XADCH | E30: Chile | F30: cl
B31: 2 | C31: L.America | D31: XUMCOL | E31: Colombia | F31: co
... B63: 2 | C63: China | D63: XADT | E63: Taiwan | F63: tw

Sheet RAW_tier
A1: #(자동함수) | B1: site_code | C1: Tier(자동함수)
A2: =IF(B2="","",ROW()-1) -> 1 | B2: cn | C2: =IF(B2="","",1) -> 1
A3: =IF(B3="","",ROW()-1) -> 2 | B3: jp | C3: =IF(B3="","",1) -> 1
A4: =IF(B4="","",ROW()-1) -> 3 | B4: fr | C4: =IF(B4="","",1) -> 1
A5: =IF(B5="","",ROW()-1) -> 4 | B5: uk | C5: =IF(B5="","",1) -> 1
A6: =IF(B6="","",ROW()-1) -> 5 | B6: sec | C6: =IF(B6="","",1) -> 1
A7: =IF(B7="","",ROW()-1) -> 6 | B7: br | C7: =IF(B7="","",1) -> 1
A8: =IF(B8="","",ROW()-1) -> 7 | B8: mx | C8: =IF(B8="","",1) -> 1
A9: =IF(B9="","",ROW()-1) -> 8 | B9: tr | C9: =IF(B9="","",1) -> 1
A10: =IF(B10="","",ROW()-1) -> 9 | B10: us | C10: =IF(B10="","",1) -> 1
A11: =IF(B11="","",ROW()-1) | C11: =IF(B11="","",1)
A12: =IF(B12="","",ROW()-1) | C12: =IF(B12="","",1)
A13: =IF(B13="","",ROW()-1) | C13: =IF(B13="","",1)
A14: =IF(B14="","",ROW()-1) | C14: =IF(B14="","",1)
A15: =IF(B15="","",ROW()-1) | C15: =IF(B15="","",1)
A16: =IF(B16="","",ROW()-1) | C16: =IF(B16="","",1)
A17: =IF(B17="","",ROW()-1) | C17: =IF(B17="","",1)
A18: =IF(B18="","",ROW()-1) | C18: =IF(B18="","",1)
A19: =IF(B19="","",ROW()-1) | C19: =IF(B19="","",1)
A20: =IF(B20="","",ROW()-1) | C20: =IF(B20="","",1)
A21: =IF(B21="","",ROW()-1) | C21: =IF(B21="","",1)
A22: =IF(B22="","",ROW()-1) | C22: =IF(B22="","",1)
... A50: =IF(B50="","",ROW()-1) | C50: =IF(B50="","",1)

Sheet RAW_URL,PageName
A1: #(자동함수) | B1: This/Last Year | C1: site_code | D1: url (반드시 https://포함하기) | E1: pagename | F1: note | G1: ="TY ref-현재 master site대비 없는 site ("&COUNTA(G2:G999)&")" -> TY ref-현재 master site대비 없는 site (56) | H1: ="LY ref-현재 master site대비 없는 site ("&COUNTA(H2:H999)&")" -> LY ref-현재 master site대비 없는 site (73) | I1: TY | J1: LY
